Address Origin,Street,Ward,District,City,Country
userInput,userInput,,,,
"100 nguyễn thị minh khai, Q1",100 nguyễn thị minh khai,,Q1,,
"72 Lê Thánh Tôn, Toà nhà Vincom B",72 Lê Thánh Tôn - Toà nhà Vincom B,,,,
"Ngân hàng OCB, 41 Lê Duẩn, Bến Nghé, Quận 1, Thành phố Hồ Chí Minh, Việt Nam",Ngân hàng OCB - 41 Lê Duẩn - Bến Nghé,,Quận 1,Thành phố Hồ Chí Minh,Việt Nam
"Tòa nhà Saigon Trade Center, 37 Tôn Đức Thắng",Tòa nhà Saigon Trade Center - 37 Tôn Đức Thắng,,,,
15 Lê Duẩn,15 Lê Duẩn,,,,
"90 pasteur_x005F_x000D_
Phường Bến Nghé, Quận 1, Thành phố Hồ Chí Minh","90 pasteur_x005F_x000D_
Phường Bến Nghé",,Quận 1,Thành phố Hồ Chí Minh,
"45 Ngô Đức Kế, Phường Bến Nghé, Quận 1, Hồ Chí Minh",45 Ngô Đức Kế,Phường Bến Nghé,Quận 1,Hồ Chí Minh,
"5/19 Nguyễn Trung Ngạn, P. Bến Nghé, Quận 1, TP. HCM",5/19 Nguyễn Trung Ngạn,P. Bến Nghé,Quận 1,TP. HCM,
Intercontinental Residence Asiana (căn hộ 2405),Intercontinental Residence Asiana (căn hộ 2405),,,,
"Mien House 7/2M Hẻm 7 Nguyễn Thị Minh Khai, Phường Bến Nghé, Quận 1, TP. Hồ Chí Minh",Mien House 7/2M Hẻm 7 Nguyễn Thị Minh Khai,Phường Bến Nghé,Quận 1,TP. Hồ Chí Minh,
"68 Nguyễn Huệ, Bến Nghé, Quận 1, Thành phố Hồ Chí Minh, Việt Nam",68 Nguyễn Huệ - Bến Nghé,,Quận 1,Thành phố Hồ Chí Minh,Việt Nam
37bis Ky Con,37bis Ky Con,,,,
Lux62306 vinhomes golden river số 2 Nguyễn Hữu Cảnh,Lux62306 vinhomes golden river số 2 Nguyễn Hữu Cảnh,,,,
"A1.11.OT06, Aqua 1, Vinhomes Golden River (Ba Son)",A1.11.OT06 - Aqua 1 - Vinhomes Golden River (Ba Son),,,,
162 Pasteur,162 Pasteur,,,,
9-11 Tôn Đức Thắng,9-11 Tôn Đức Thắng,,,,
22 Ly Tu Trong,22 Ly Tu Trong,,,,
"hẻm 11B nguyễn bỉnh khiêm, Phường Bến Nghé, Quận 1, Hồ Chí Minh",hẻm 11B nguyễn bỉnh khiêm,Phường Bến Nghé,Quận 1,Hồ Chí Minh,
Family Mart số 8A/3D1 Thái Văn Lung,Family Mart số 8A/3D1 Thái Văn Lung,,,,
6b thi sách,6b thi sách,,,,
"Toà nhà BItexco, 2 Hải Triều (Cổng Hải Triều)",Toà nhà BItexco - 2 Hải Triều (Cổng Hải Triều),,,,
"22 lê thánh tôn toà nhà the lancaster, Phường Bến Nghé, Quận 1",22 lê thánh tôn toà nhà the lancaster,Phường Bến Nghé,Quận 1,,
"Resco Tower, 96 Nguyen Du",Resco Tower - 96 Nguyen Du,,,,
5b tôn đức thắng,5b tôn đức thắng,,,,
45 Đinh Tiên Hoàng phường bến nghé quận 1,45 Đinh Tiên Hoàng,phường bến nghé,quận 1,,
45 Đinh Tiên Hoàng,45 Đinh Tiên Hoàng,,,,
"9-11 Đường Tôn Đức Thắng, Bến Nghé, Quận 1, Thành phố Hồ Chí Minh, Việt Nam",9-11 Đường Tôn Đức Thắng - Bến Nghé,,Quận 1,Thành phố Hồ Chí Minh,Việt Nam
"S&S Auditing and Consulting Co., Ltd, 8fl Yoco bld, 41 Nguyen Thi Minh Khai, Hồ Chí Minh, Quận 1, Phường Bến Nghé",S&S Auditing and Consulting Co. - Ltd - 8fl Yoco bld - 41 Nguyen Thi Minh Khai,Phường Bến Nghé,Quận 1,Hồ Chí Minh,
Vinhome bason tôn đức thắng toà aqua 1,Vinhome bason tôn đức thắng toà aqua 1,,,,
"34 Hai Bà Trưng, Hồ Chí Minh, Quận 1, Phường Bến Nghé",34 Hai Bà Trưng,Phường Bến Nghé,Quận 1,Hồ Chí Minh,
"26 đông khoi, Hồ Chí Minh, Quận 1, Phường Bến Nghé",26 đông khoi,Phường Bến Nghé,Quận 1,Hồ Chí Minh,
"Toà Nhà Sonatus, 15 Lê Thánh Tông, Bến Nghé, Quận 1, Hồ Chí Minh",Toà Nhà Sonatus - 15 Lê Thánh Tông - Bến Nghé,,Quận 1,Hồ Chí Minh,
"Aqua1, số 2 Nguyễn hữu cảnh",Aqua1 - số 2 Nguyễn hữu cảnh,,,,
53H Nguyễn Du,53H Nguyễn Du,,,,
"số 3 huỳnh thúc kháng,phường bến nghé,q1,hcm",số 3 huỳnh thúc kháng,phường bến nghé,q1,hcm,
"8A/8C2 Thái Văn Lung, Phường Bến Nghé, Quận 1, TP. Hồ Chí Minh",8A/8C2 Thái Văn Lung,Phường Bến Nghé,Quận 1,TP. Hồ Chí Minh,
Aqua 2 - Vinhome Golden River,Aqua 2 - Vinhome Golden River,,,,
17 Lê Duẩn,17 Lê Duẩn,,,,
"""Bạn giao địa chỉ _x005F_x000D_
2 ngô đức kế, bến nghé,q1_x005F_x000D_
0972324134","""Bạn giao địa chỉ _x005F_x000D_
2 ngô đức kế - bến nghé",,"q1_x005F_x000D_
0972324134",,
"Capital Place, 6 Thái Văn Lung, Hồ Chí Minh, Quận 1, Phường Bến Nghé",Capital Place - 6 Thái Văn Lung,Phường Bến Nghé,Quận 1,Hồ Chí Minh,
Lux 6 Vinhomes golden river số 2 tôn Đức thắng p bến nghé q1,Lux 6 Vinhomes golden river số 2 tôn Đức thắng p bến nghé q1,,,,
"35, Nguyễn Huệ, toà nhà Harbour View",35 - Nguyễn Huệ - toà nhà Harbour View,,,,
39 Lê Duẩn. MPlaza Saigon,39 Lê Duẩn. MPlaza Saigon,,,,
45 Ngô Đức Kế,45 Ngô Đức Kế,,,,
58 Dong Khoi,58 Dong Khoi,,,,
"52-54 Nguyễn Huệ, P.Bến Nghé, Quận 1, HCM",52-54 Nguyễn Huệ,P.Bến Nghé,Quận 1,HCM,
102/4 Pasteur,102/4 Pasteur,,,,
Toà nhà Sunwah 115 Nguyễn Huệ,Toà nhà Sunwah 115 Nguyễn Huệ,,,,
"34 Đông Du, Bến Nghé, Quận 1, Thành phố Hồ Chí Minh, Việt Nam",34 Đông Du - Bến Nghé,,Quận 1,Thành phố Hồ Chí Minh,Việt Nam
6 Thai Van Lunh/Quận 1/TP.Hồ Chí Minh/Việt Nam,6 Thai Van Lunh/Quận 1/TP.Hồ Chí Minh/Việt Nam,,,,
65 Nguyễn du p bến nghé quan nhất,65 Nguyễn du p bến nghé,,quan nhất,,
"- Số 52 Nguyễn Huệ, P. Bến Nghé,   Q. 1, TP. Hồ Chí Minh",- Số 52 Nguyễn Huệ,P. Bến Nghé,Q. 1,TP. Hồ Chí Minh,
"10 Bis Lý Tự Trọng, Bến Nghé, Quận 1, Thành phố Hồ Chí Minh",10 Bis Lý Tự Trọng - Bến Nghé,,Quận 1,Thành phố Hồ Chí Minh,
"L6.31.05, Số 05, Lầu 31, Toà nhà LUX 6, Vinhomes Golden River, 2 Nguyễn Hữu Cảnh",L6.31.05 - Số 05 - Lầu 31 - Toà nhà LUX 6 - Vinhomes Golden River - 2 Nguyễn Hữu Cảnh,,,,
"33 LÊ VĂN HƯU , Q1 , HCM",33 LÊ VĂN HƯU,,Q1,HCM,
Số 14 Lý Tự Trọng ( Cổng bệnh viện nhi đồng 2),Số 14 Lý Tự Trọng ( Cổng bệnh viện nhi đồng 2),,,,
Toà nhà HDBANK 25bis Nguyễn Thị Minh Khai,Toà nhà HDBANK 25bis Nguyễn Thị Minh Khai,,,,
"13 Nguyễn Thiệp, Phường Bến Nghé, Quận 1, TP. Hồ Chí Minh",13 Nguyễn Thiệp,Phường Bến Nghé,Quận 1,TP. Hồ Chí Minh,
Diamond plaza,Diamond plaza,,,,
77-le thanh ton-khách san rex,77-le thanh ton-khách san rex,,,,
96A-96B Nam Kì Khởi Nghĩa ,96A-96B Nam Kì Khởi Nghĩa ,,,,
"91 LÊ THÁNH TÔN, Phường Bến Nghé, Quận 1, TP. Hồ Chí Minh",91 LÊ THÁNH TÔN,Phường Bến Nghé,Quận 1,TP. Hồ Chí Minh,
1B Ngô Văn Năm,1B Ngô Văn Năm,,,,
39 Le Duan ( toà nhà MPlaza) giao giờ hành chánh,39 Le Duan ( toà nhà MPlaza) giao giờ hành chánh,,,,
57 Đồng Khởi,57 Đồng Khởi,,,,
25/51 Nguyễn Bỉnh Khiêm,25/51 Nguyễn Bỉnh Khiêm,,,,
61 hồ tùng mậu,61 hồ tùng mậu,,,,
"Saigon Center, 67 Lê Lợi, cổng NKKN, Hồ Chí Minh, Quận 1, Phường Bến Nghé",Saigon Center - 67 Lê Lợi - cổng NKKN,Phường Bến Nghé,Quận 1,Hồ Chí Minh,
"93 Mạc Thị Bưởi, phường Bến Nghé, quận 1",93 Mạc Thị Bưởi,phường Bến Nghé,quận 1,,
39 Lê Duẩn,39 Lê Duẩn,,,,
8/15 lê thánh tôn,8/15 lê thánh tôn,,,,
11B/6 Nguyễn Bỉnh Khiêm,11B/6 Nguyễn Bỉnh Khiêm,,,,
37 ton duc thang,37 ton duc thang,,,,
"6B Đường Tôn Đức Thắng, Bến Nghé, Quận 1, Thành phố Hồ Chí Minh, Việt Nam",6B Đường Tôn Đức Thắng - Bến Nghé,,Quận 1,Thành phố Hồ Chí Minh,Việt Nam
Toà Aqua4 Vinhomes Golden river P bến nghé q1,Toà Aqua4 Vinhomes Golden river P bến nghé q1,,,,
"toà nhà vietcombank, số 5 công trường mê linh",toà nhà vietcombank - số 5 công trường mê linh,,,,
37 Ton Duc Thang,37 Ton Duc Thang,,,,
"125 Hai Bà Trưng, phường Bến Nghé, quận 1/Quận 1/TP.Hồ Chí Minh/Việt Nam",125 Hai Bà Trưng,phường Bến Nghé,quận 1/Quận 1/TP.Hồ Chí Minh/Việt Nam,,
97 - 99 Tôn Thất Đạm,97 - 99 Tôn Thất Đạm,,,,
"36 chu mạnh trinh, Phường Bến Nghé, Quận 1, TP. Hồ Chí Minh",36 chu mạnh trinh,Phường Bến Nghé,Quận 1,TP. Hồ Chí Minh,
15 Thi Sách,15 Thi Sách,,,,
Số 12 - Hàm Nghi,Số 12 - Hàm Nghi,,,,
"Số  490, Phường Bến Nghé, Quận 1, TP. Hồ Chí Minh",Số  490,Phường Bến Nghé,Quận 1,TP. Hồ Chí Minh,
"ship giúp mình đến 90 pasteur, bến nghé, quận 1, tphcm, sdt 0398105128 ạ",ship giúp mình đến 90 pasteur - bến nghé - sdt 0398105128 ạ,,quận 1,tphcm,
"Shimizu-Maeda, 1c Ngô Văn Năm",Shimizu-Maeda - 1c Ngô Văn Năm,,,,
"126 Tôn Thất Đạm, phường Bến Nghé, Quận 1",126 Tôn Thất Đạm,phường Bến Nghé,Quận 1,,
12 Thi Sách,12 Thi Sách,,,,
Ship tới 80 Nguyễn Du - Phường Bến Nghé - Quận 1,Ship tới 80 Nguyễn Du - Phường Bến Nghé - Quận 1,,,,
"101 Hai Bà Trưng, P Bến Nghé, Q1, Tp Hcm,Phường Bến Nghé,Quận 1,Hồ Chí Minh",101 Hai Bà Trưng,P Bến Nghé,Q1,Tp Hcm,
"Resco Tower, 94 Nguyen Du,, Hồ Chí Minh, Quận 1, Phường Bến Nghé",Resco Tower - 94 Nguyen Du,Phường Bến Nghé,Quận 1,Hồ Chí Minh,
"9 Thái Văn Lung, Phường Bến Nghé, Quận 1, Hồ Chí Minh",9 Thái Văn Lung,Phường Bến Nghé,Quận 1,Hồ Chí Minh,
"7/11 Nguyễn Thị Minh Khai, P. Bến Nghé, Quận 1, HCM, Phường Bến Nghé, Quận 1, Hồ Chí Minh",7/11 Nguyễn Thị Minh Khai,P. Bến Nghé,Quận 1,HCM,
05 Công Trường Mê Linh (Vietcombank Tower),05 Công Trường Mê Linh (Vietcombank Tower),,,,
"7bis Nguyễn Thị Minh Khai, Bến Nghé, Quận 1, Thành phố Hồ Chí Minh, Vietnam",7bis Nguyễn Thị Minh Khai - Bến Nghé,,Quận 1,Thành phố Hồ Chí Minh,Vietnam
Nhà hàng gifuya - 8A/A7 Thái Văn Lung,Nhà hàng gifuya - 8A/A7 Thái Văn Lung,,,,
"1Bis Nguyễn Thị Minh Khai - Phường Bến Nghé - Quận 1 - Tp.HCM, Phường Bến Nghé, Quận 1, Hồ Chí Minh",1Bis Nguyễn Thị Minh Khai - Phường Bến Nghé - Quận 1 - Tp.HCM,Phường Bến Nghé,Quận 1,Hồ Chí Minh,
95 Hồ Tùng Mậu,95 Hồ Tùng Mậu,,,,
06 Mạc Đĩnh Chi (Nhà hát Bến Thành) (đi làm T2-T6),06 Mạc Đĩnh Chi (Nhà hát Bến Thành) (đi làm T2-T6),,,,
"77 Tôn Thất đạm.phường Bến Nghé.Quận 1, Phường Bến Nghé, Quận 1, TP. Hồ Chí Minh",77 Tôn Thất đạm.phường Bến Nghé.Quận 1,Phường Bến Nghé,Quận 1,TP. Hồ Chí Minh,
91 pasteur,91 pasteur,,,,
35 Nguyễn Văn Tráng,35 Nguyễn Văn Tráng,,,,
24 hồ huấn nghiệp phường bến nghé quận 1,24 hồ huấn nghiệp,phường bến nghé,quận 1,,
"trường cán bộ quản lí số 7 nguyễn bỉnh khiêm, Phường Bến Nghé, Quận 1, Hồ Chí Minh",trường cán bộ quản lí số 7 nguyễn bỉnh khiêm,Phường Bến Nghé,Quận 1,Hồ Chí Minh,
35 tôn đức thắng,35 tôn đức thắng,,,,
6B Tôn Đức Thắng,6B Tôn Đức Thắng,,,,
35 Nguyễn Huệ,35 Nguyễn Huệ,,,,
"8a/a11 thái văn lung, Hồ Chí Minh, Quận 1, Phường Bến Nghé",8a/a11 thái văn lung,Phường Bến Nghé,Quận 1,Hồ Chí Minh,
"Toà nhà Vincom, số 72 Lê Thánh Tôn",Toà nhà Vincom - số 72 Lê Thánh Tôn,,,,
"số 7 Lê Duẩn, Phường Bến Nghé, Quận 1, Thành phố Hồ Chí Minh",số 7 Lê Duẩn,Phường Bến Nghé,Quận 1,Thành phố Hồ Chí Minh,
"39 Lê Duẩn, Phường Bến Nghé, Quận 1 (M Plaza building), Phường Bến Nghé, Quận 1, TP. Hồ Chí Minh",39 Lê Duẩn,Phường Bến Nghé,Quận 1 (M Plaza building),TP. Hồ Chí Minh,
"59b nguyễn du,cafe katinat",59b nguyễn du - cafe katinat,,,,
"Tiên Nguyễn - 0903 71 60 80_x005F_x000D_
Toà nhà MPlaza, 39 Lê Duẩn, Q.1","Tiên Nguyễn - 0903 71 60 80_x005F_x000D_
Toà nhà MPlaza - 39 Lê Duẩn",,Q.1,,
5/10 nguyễn trung ngạn quận 1 phường bến nghé quận 1,5/10 nguyễn trung ngạn quận 1,,quận 1 phường bến nghé quận 1,,
"Sạp 63A Tôn Thất Đạm, Phường Bến Nghé, Quận 1, TP. Hồ Chí Minh",Sạp 63A Tôn Thất Đạm,Phường Bến Nghé,Quận 1,TP. Hồ Chí Minh,
"Grand Hotel, Đường Ðồng Khởi, Bến Nghé, Quận Nhứt, Thành phố Hồ Chí Minh, 8408, Việt Nam",Grand Hotel - Đường Ðồng Khởi - Bến Nghé - 8408,,Quận Nhứt,Thành phố Hồ Chí Minh,Việt Nam
182a Pasteur phường Bến nghé quận 1,182a Pasteur,phường Bến nghé,quận 1,,
"115 nguyễn huệ, phường bến nghé, quận 1",115 nguyễn huệ,phường bến nghé,quận 1,,
"Aqua3, Vinhomes Golden River, Số 2, Tôn Đức Thắng",Aqua3 - Vinhomes Golden River - Số 2 - Tôn Đức Thắng,,,,
"Số 1, mạc đĩnh chi, phường bến nghé, quận 1",Số 1 - mạc đĩnh chi,phường bến nghé,quận 1,,
49 huynh thuc kháng,49 huynh thuc kháng,,,,
33 Mạc Thị Bưởi,33 Mạc Thị Bưởi,,,,
"Toà nhà Bitexco - 2 Hải Triều, P. Bến Nghé, q1",Toà nhà Bitexco - 2 Hải Triều,P. Bến Nghé,q1,,
2A-4A Tôn Đức Thắng,2A-4A Tôn Đức Thắng,,,,
"9-11, Tôn Đức Thắng",9-11 - Tôn Đức Thắng,,,,
"số 10 lý tự trọng, Hồ Chí Minh, Quận 1, Phường Bến Nghé",số 10 lý tự trọng,Phường Bến Nghé,Quận 1,Hồ Chí Minh,
"Diamond plaza, 34 Lê Duẩn",Diamond plaza - 34 Lê Duẩn,,,,
"21 Nguyễn Huy Tự, Phường Bến Nghé, Quận 1, Hồ Chí Minh",21 Nguyễn Huy Tự,Phường Bến Nghé,Quận 1,Hồ Chí Minh,
"115 Nguyễn Huệ, Tòa nhà Sunwah, Humidor Shop, Phường Bến Nghé, Quận 1, TP. Hồ Chí Minh",115 Nguyễn Huệ - Tòa nhà Sunwah - Humidor Shop,Phường Bến Nghé,Quận 1,TP. Hồ Chí Minh,
"73 tôn thất đạm, bến nghé, quận 1, Phường Bến Nghé, Quận 1, Hồ Chí Minh",73 tôn thất đạm - bến nghé,Phường Bến Nghé,quận 1,Hồ Chí Minh,
"Deutsches Haus, 33 Lê Duẩn, phường Bến Nghé, Quận 1, tp Hồ Chí Minh",Deutsches Haus - 33 Lê Duẩn - tp Hồ Chí Minh,phường Bến Nghé,Quận 1,,
35 Tôn Đức Thắng phường Bến Nghé Q1,35 Tôn Đức Thắng,phường Bến Nghé Q1,,,
23 thế văn lung,23 thế văn lung,,,,
"BITEXCO, SỐ 2 HẢI TRIỀU",BITEXCO - SỐ 2 HẢI TRIỀU,,,,
"Số 6 Lê Thánh Tôn, Phường Bến Nghé Quận 1 Thành Phố Hồ Chí Minh",Số 6 Lê Thánh Tôn,Phường Bến Nghé Quận 1 Thành Phố Hồ Chí Minh,,,
"tôn thất hiệp 21, Phường Bến Nghé, Quận 1, Hồ Chí Minh",tôn thất hiệp 21,Phường Bến Nghé,Quận 1,Hồ Chí Minh,
"so 2 chu manh trinh, Hồ Chí Minh, Quận 1, Phường Bến Nghé",so 2 chu manh trinh,Phường Bến Nghé,Quận 1,Hồ Chí Minh,
"63 Lý Tự Trọng, Bến Nghé, Quận 1, Thành phố Hồ Chí Minh, Việt Nam",63 Lý Tự Trọng - Bến Nghé,,Quận 1,Thành phố Hồ Chí Minh,Việt Nam
"108 ton that dam , Phường Bến Nghé, Quận 1, Thành phố Hồ Chí Minh",108 ton that dam,Phường Bến Nghé,Quận 1,Thành phố Hồ Chí Minh,
25/91A Nguyen Binh Khiem,25/91A Nguyen Binh Khiem,,,,
"8A/10B2 Thái Văn Lung, bến nghé q1",8A/10B2 Thái Văn Lung - bến nghé q1,,,,
15/32 Nguyễn Thị Minh Khai,15/32 Nguyễn Thị Minh Khai,,,,
"25/68 Nguyễn Bỉnh Khiêm, q1",25/68 Nguyễn Bỉnh Khiêm,,q1,,
"15/15 Nguyễn Thị Minh Khai, P.Bến Nghé, Q1",15/15 Nguyễn Thị Minh Khai,P.Bến Nghé,Q1,,
97 Ton That Dam,97 Ton That Dam,,,,
Số 8A/3B2 Thái Văn Lung,Số 8A/3B2 Thái Văn Lung,,,,
87 B duong pasteur,87 B duong pasteur,,,,
15A/44 Lê Thánh Tôn,15A/44 Lê Thánh Tôn,,,,
"115 nguyễn huệ, bến nghé, quận 1",115 nguyễn huệ - bến nghé,,quận 1,,
"10 Nguyễn Huệ, Bến Nghé, Quận 1, Thành phố Hồ Chí Minh, Việt Nam",10 Nguyễn Huệ - Bến Nghé,,Quận 1,Thành phố Hồ Chí Minh,Việt Nam
90 Pasteur,90 Pasteur,,,,
15 Lê Thánh Tôn,15 Lê Thánh Tôn,,,,
"Bitexco Financial Tower, 2 Hải Triều, Bến Nghé, Quận 1, Thành phố Hồ Chí Minh, Việt Nam",Bitexco Financial Tower - 2 Hải Triều - Bến Nghé,,Quận 1,Thành phố Hồ Chí Minh,Việt Nam
74 Tôn Thất Đạm,74 Tôn Thất Đạm,,,,
36 Lê Lợi,36 Lê Lợi,,,,
118 paster,118 paster,,,,
"60 nguyễn du phường bến nghé quận 1, Phường Bến Nghé, Quận 1, TP. Hồ Chí Minh",60 nguyễn du phường bến nghé quận 1,Phường Bến Nghé,Quận 1,TP. Hồ Chí Minh,
"Biệt thự VIC 37, khu Vinhomes Golden River, đường Riverview 5, ngã tư Nguyễn Hữu Cảnh và Nguyễn Bỉnh Khiêm",Biệt thự VIC 37 - khu Vinhomes Golden River - đường Riverview 5 - ngã tư Nguyễn Hữu Cảnh và Nguyễn Bỉnh Khiêm,,,,
"102/6E Pasteur, Phường Bến Nghé, Quận 1, TP. Hồ Chí Minh",102/6E Pasteur,Phường Bến Nghé,Quận 1,TP. Hồ Chí Minh,
"Nhà Thờ Đức Bà,  Công Xã Paris,  Bến Nghé,  Quận 01,  Hồ Chí Minh",Nhà Thờ Đức Bà - Công Xã Paris - Bến Nghé,,Quận 01,Hồ Chí Minh,
39 Lê Duẩn ở bến nghé q1 tp hcm,39 Lê Duẩn ở bến nghé q1 tp hcm,,,tp hcm,
"42 Tôn Thất Thiệp, Phường Bến Nghé, Quận 1, TP. Hồ Chí Minh",42 Tôn Thất Thiệp,Phường Bến Nghé,Quận 1,TP. Hồ Chí Minh,
11 Nguyễn Thị Minh Khai Phường Bến Nghé Quận 1,11 Nguyễn Thị Minh Khai Phường Bến Nghé Quận 1,,,,
3c tôn đức thắng bến nghé q1 hcm,3c tôn đức thắng bến nghé q1 hcm,,,hcm,
47 Lê Duẩn,47 Lê Duẩn,,,,
25 bis Nguyễn Thị Minh Khai (HDBank Tower),25 bis Nguyễn Thị Minh Khai (HDBank Tower),,,,
36-38 ngo duc ke quan 1,36-38 ngo duc ke,,quan 1,,
"40 Nguyễn Huệ, Bến Nghé, Quận 1, Thành phố Hồ Chí Minh, Việt Nam",40 Nguyễn Huệ - Bến Nghé,,Quận 1,Thành phố Hồ Chí Minh,Việt Nam
"bệnh viện nhi đồng 2, Phường Bến Nghé, Quận 1, Hồ Chí Minh",bệnh viện nhi đồng 2,Phường Bến Nghé,Quận 1,Hồ Chí Minh,
2A 4A Tôn Đức Thắng,2A 4A Tôn Đức Thắng,,,,
104 Nguyễn Huệ,104 Nguyễn Huệ,,,,
"113 Lê Thánh Tôn, Bến Nghé, Quận 1, Hồ Chí Minh, Việt Nam",113 Lê Thánh Tôn - Bến Nghé,,Quận 1,Hồ Chí Minh,Việt Nam
"7B/8 Nguyễn Thị Minh Khai, phường Bến Nghé, Quận 1, Thành phố Hồ Chí Minh, Việt Nam",7B/8 Nguyễn Thị Minh Khai,phường Bến Nghé,Quận 1,Thành phố Hồ Chí Minh,Việt Nam
31 Lê Duẩn,31 Lê Duẩn,,,,
19/25,19/25,,,,
31C Lý Tự Trọng,31C Lý Tự Trọng,,,,
72 Lê Thánh Tôn,72 Lê Thánh Tôn,,,,
"Tòa Saigon Trade Center,  37 Tôn Đức Thắng, Quận 1, TP. Hồ Chí Minh",Tòa Saigon Trade Center - 37 Tôn Đức Thắng,,Quận 1,TP. Hồ Chí Minh,
"Tòa nhà Bitexco, 02 Hải Triều",Tòa nhà Bitexco - 02 Hải Triều,,,,
"1 Nguyễn Thiệp, P. Bến Nghé, Q.1",1 Nguyễn Thiệp,P. Bến Nghé,Q.1,,
"29 nguyễn trung ngạn, phường bến nghé, quận 1, TP hồ chsi minh",29 nguyễn trung ngạn - TP hồ chsi minh,phường bến nghé,quận 1,,
Lux 6 Vinhomes Golden River,Lux 6 Vinhomes Golden River,,,,
1-5 Lê Duẩn,1-5 Lê Duẩn,,,,
"31 Lê Duẩn, Bến Nghé, Quận 1, Thành phố Hồ Chí Minh, Việt Nam",31 Lê Duẩn - Bến Nghé,,Quận 1,Thành phố Hồ Chí Minh,Việt Nam
"15 b/71 lê thánh tôn, Phường Bến Nghé",15 b/71 lê thánh tôn,Phường Bến Nghé,,,
"Saigon Sky Garden room204, 20 Le Thanh Ton, Hồ Chí Minh, Quận 1, Phường Bến Nghé",Saigon Sky Garden room204 - 20 Le Thanh Ton,Phường Bến Nghé,Quận 1,Hồ Chí Minh,
115 Nguyễn Huệ,115 Nguyễn Huệ,,,,
"15B Thi Sách, phường Bến Nghé, Q1-TPHCM",15B Thi Sách,phường Bến Nghé,Q1-TPHCM,,
"14 lý tự trọng, bến nghé ,quận 1,thành phố Hồ Chí Minh",14 lý tự trọng - bến nghé,,quận 1,thành phố Hồ Chí Minh,
"15 Hồ Huấn Nghiệp, Phường Bến Nghé, Quận 1, TP. Hồ Chí Minh",15 Hồ Huấn Nghiệp,Phường Bến Nghé,Quận 1,TP. Hồ Chí Minh,
"Bến Nghé, Quận 1, Hồ Chí Minh, Việt Nam",Bến Nghé,,Quận 1,Hồ Chí Minh,Việt Nam
"vinhome golden river 2 ton duc thang, Phường Bến Nghé, Quận 1, Hồ Chí Minh",vinhome golden river 2 ton duc thang,Phường Bến Nghé,Quận 1,Hồ Chí Minh,
"Tầng 9, phòng 901, ngân hàng ctbc, kumho, 39 le duan, quan 1",Tầng 9 - ngân hàng ctbc - kumho - 39 le duan,phòng 901,quan 1,,
5/21 Nguyễn Trung Ngạn P.Bến Nghé Q.1,5/21 Nguyễn Trung Ngạn P.Bến Nghé Q.1,,,,
"125 HAI BÀ TRƯNG, Hồ Chí Minh, Quận 1, Phường Bến Nghé",125 HAI BÀ TRƯNG,Phường Bến Nghé,Quận 1,Hồ Chí Minh,
115 Nguyễn Huệ  (Toà nhà Sunwah),115 Nguyễn Huệ  (Toà nhà Sunwah),,,,
64-68 Hai Bà Trưng,64-68 Hai Bà Trưng,,,,
145 Tôn Thất Đạm,145 Tôn Thất Đạm,,,,
"10b tôn đức thắng , p bến nghé ,quận 1 ,tphcm",10b tôn đức thắng,p bến nghé,quận 1,tphcm,
"35 Nguyễn Huệ, P.Bến Nghé, Q.1, Tp. Hcm",35 Nguyễn Huệ,P.Bến Nghé,Q.1,Tp. Hcm,
3c tôn đức thắng,3c tôn đức thắng,,,,
"11B Nguyễn Bỉnh Khiêm - Phường BN- Quận, Phường Bến Nghé, Quận 1, Hồ Chí Minh",11B Nguyễn Bỉnh Khiêm - Phường BN- Quận,Phường Bến Nghé,Quận 1,Hồ Chí Minh,
11A-11B Nguyen Thi Minh Khai,11A-11B Nguyen Thi Minh Khai,,,,
39 Lê Duẩn,39 Lê Duẩn,,,,
Hẻm 19/11 Nguyễn Thị Minh Khai phường Bến Nghé q1,Hẻm 19/11 Nguyễn Thị Minh Khai,phường Bến Nghé q1,,,
"tầng 3, tòa nhà Melinh point số 2 Ngô Đức Kế",tầng 3 - tòa nhà Melinh point số 2 Ngô Đức Kế,,,,
11d12 nguyễn du bến nghé quận 1,11d12 nguyễn du bến nghé,,quận 1,,
"Tầng B1 khu giao nhận hàng, tòa A1 2905 Vinhome Bason số 2 Tôn Đức Thắng, phường Bến nghé, quận 1.,",Tầng B1 khu giao nhận hàng - tòa A1 2905 Vinhome Bason số 2 Tôn Đức Thắng,phường Bến nghé,quận 1.,,
số 6 Lê Thánh Tôn nha toà nhà CJ Building,số 6 Lê Thánh Tôn nha toà nhà CJ Building,,,,
4 Nguyễn Siêu,4 Nguyễn Siêu,,,,
"42 TÔN THẤT THIỆP, Phường Bến Nghé, Quận 1, TP. Hồ Chí Minh",42 TÔN THẤT THIỆP,Phường Bến Nghé,Quận 1,TP. Hồ Chí Minh,
"Toà Aqua 3, chung cư Golden River. Số 2 A Nguyễn hữu Cảnh P Bến nghé Q1 TPHCM",Toà Aqua 3 - chung cư Golden River. Số 2 A Nguyễn hữu Cảnh P Bến nghé Q1 TPHCM,,,,
Bitexco số 2 Hải Triều Q1,Bitexco số 2 Hải Triều Q1,,,,
" 130 Pasteur, Phường Bến Nghé, Quận 1, TP. Hồ Chí Minh",130 Pasteur,Phường Bến Nghé,Quận 1,TP. Hồ Chí Minh,
2 nguyễn hữu cảnh. Hầm B1 toà Lux 6,2 nguyễn hữu cảnh. Hầm B1 toà Lux 6,,,,
"Số 2 Ngô Đức Kế, phường Bến Nghé, quận 1",Số 2 Ngô Đức Kế,phường Bến Nghé,quận 1,,
"7 Ngô Văn Năm, Bay Hotel",7 Ngô Văn Năm - Bay Hotel,,,,
"37 Tôn Đức Thắng, Bến Nghé, Quận 1, Hồ Chí Minh",37 Tôn Đức Thắng - Bến Nghé,,Quận 1,Hồ Chí Minh,
02 Nguyễn hữu Cảnh phường bến nghé toà nhà vinhomes bason toà Lux6,02 Nguyễn hữu Cảnh,phường bến nghé toà nhà vinhomes bason toà Lux6,,,
"2b Nguyễn Thiệp, quận 1.",2b Nguyễn Thiệp,,quận 1.,,
Aqua 1 - Vinhome Golden River,Aqua 1 - Vinhome Golden River,,,,
"Lux 6 vinhomes ba son, quận 1 tp hcm",Lux 6 vinhomes ba son,,quận 1 tp hcm,,
Số 7 Nguyễn Huệ,Số 7 Nguyễn Huệ,,,,
93 nguyễn du,93 nguyễn du,,,,
"5/90 Nguyễn Trung Ngạn. Phường Bến Nghé. Quận 1, Phường Bến Nghé, Quận 1, TP. Hồ Chí Minh",5/90 Nguyễn Trung Ngạn. Phường Bến Nghé. Quận 1,Phường Bến Nghé,Quận 1,TP. Hồ Chí Minh,
37 Tôn Đức Thắng,37 Tôn Đức Thắng,,,,
"Việt Hà 0942378889_x005F_x000D_
63 lý tự trọng, p.bến nghé,q.1 tphcm","Việt Hà 0942378889_x005F_x000D_
63 lý tự trọng",p.bến nghé,q.1 tphcm,,
8a/7b1 thái văn lung quận 1,8a/7b1 thái văn lung,,quận 1,,
"Biệt thự VIC37, khu Vinhomes Bason, đường Nguyễn Hữu Cảnh",Biệt thự VIC37 - khu Vinhomes Bason - đường Nguyễn Hữu Cảnh,,,,
"3 BÁNH CÁY - Họ Dương Tên Hà - Địa chỉ 45 Ngô Đức Kế, phường Bến Nghé, Quận 1 tp hcm 0908800597",3 BÁNH CÁY - Họ Dương Tên Hà - Địa chỉ 45 Ngô Đức Kế,phường Bến Nghé,Quận 1 tp hcm 0908800597,,
Toà Aqua2 Vinhomes Golden River - 2 Tôn Đức Thắng,Toà Aqua2 Vinhomes Golden River - 2 Tôn Đức Thắng,,,,
Toà Aqua 1,Toà Aqua 1,,,,
"Địa chỉ: 2/14 Hàm Nghi, Phường Bến Nghé, Quận 1, Thành phố Hồ Chí Minh",Địa chỉ: 2/14 Hàm Nghi,Phường Bến Nghé,Quận 1,Thành phố Hồ Chí Minh,
5/11 nguyễn trung ngạn,5/11 nguyễn trung ngạn,,,,
"8a/e4 Thái Văn Lung, Hồ Chí Minh, Quận 1, Phường Bến Nghé",8a/e4 Thái Văn Lung,Phường Bến Nghé,Quận 1,Hồ Chí Minh,
138 Nam Kỳ Khởi Nghĩa  P.bến Nghé   1  Tp.hcm  70000,138 Nam Kỳ Khởi Nghĩa  P.bến Nghé   1  ,p.hcm  70000,,hcm,
"2 Nguyễn Hữu Cảnh , F Bến Nghé , Q1 , Vinhome Golden River Bason , toà Aqua 2 .",2 Nguyễn Hữu Cảnh - F Bến Nghé - Vinhome Golden River Bason - toà Aqua 2 .,,Q1,,
61 nguyễn du,61 nguyễn du,,,,
"51 nguyen thị minh khai , bến ghé quận 1.",51 nguyen thị minh khai - bến ghé quận 1.,,,,
"Vietcombank Tower, Công trường Mê Linh, Bến Nghé, Quận 1, Thành phố Hồ Chí Minh, Việt Nam",Vietcombank Tower - Công trường Mê Linh - Bến Nghé,,Quận 1,Thành phố Hồ Chí Minh,Việt Nam
"9 Tôn Đức Thắng, Phường Bến Nghé, Quận 1, TP. Hồ Chí Minh",9 Tôn Đức Thắng,Phường Bến Nghé,Quận 1,TP. Hồ Chí Minh,
"Harbour View Tower, 35 Nguyễn Huệ",Harbour View Tower - 35 Nguyễn Huệ,,,,
81 Hồ Tùng Mậu,81 Hồ Tùng Mậu,,,,
"Saigon Trade, 37 Tôn Đức Thắng",Saigon Trade - 37 Tôn Đức Thắng,,,,
"sài gòn trade center 37 Tôn Đức Thắng, Bến Nghé, Quận 1, Hồ Chí Minh",sài gòn trade center 37 Tôn Đức Thắng - Bến Nghé,,Quận 1,Hồ Chí Minh,
"Nguyễn Văn Bình, Bến Nghé, Quận 1",Nguyễn Văn Bình - Bến Nghé,,Quận 1,,
"35 Tôn Đức Thắng phường Bến Nghé, quận 1, hồ chí minh",35 Tôn Đức Thắng phường Bến Nghé,,quận 1,hồ chí minh,
82 ngô đức kế,82 ngô đức kế,,,,
41 nguyễn thị minh khai,41 nguyễn thị minh khai,,,,
"39 Mạc Thị Bưởi, Phường Bến Nghé, Quận 1, TP. Hồ Chí Minh",39 Mạc Thị Bưởi,Phường Bến Nghé,Quận 1,TP. Hồ Chí Minh,
"Số 1a tôn đức thắng, toà vpbank",Số 1a tôn đức thắng - toà vpbank,,,,
33 Nguyễn Du. P.Bến Nghé. Q.1.tphcm.,33 Nguyễn Du. P.Bến Nghé. Q.1.tphcm.,,,tphcm,
"tòa nhà CJ, số 6 Lê Thánh Tôn",tòa nhà CJ - số 6 Lê Thánh Tôn,,,,
"6 Thái Văn Lung Capital Place, Hồ Chí Minh, Quận 1, Phường Bến Nghé",6 Thái Văn Lung Capital Place,Phường Bến Nghé,Quận 1,Hồ Chí Minh,
"Tòa nhà Điện Lực, 35 Tôn Đức Thắng, Hồ Chí Minh, Quận 1, Phường Bến Nghé",Tòa nhà Điện Lực - 35 Tôn Đức Thắng,Phường Bến Nghé,Quận 1,Hồ Chí Minh,
20A lý tự trọng,20A lý tự trọng,,,,
"120 nam kì khởi nghĩa, bến nghé, q1, hcm",120 nam kì khởi nghĩa - bến nghé,,q1,hcm,
"Tòa nhà Metropolitan, 235 Đồng Khởi",Tòa nhà Metropolitan - 235 Đồng Khởi,,,,
"120 Nam Kỳ Khởi nghĩa, Phường Bến Nghé, Quận 1, Hồ Chí Minh",120 Nam Kỳ Khởi nghĩa,Phường Bến Nghé,Quận 1,Hồ Chí Minh,
"37 Tôn Đức Thắng, P Bến Nghé, Quận 1, 17/12/1992, TPHCM",37 Tôn Đức Thắng - 17/12/1992,P Bến Nghé,Quận 1,TPHCM,
"89-91 Nguyen Du, Hồ Chí Minh, Quận 1, Phường Bến Nghé",89-91 Nguyen Du,Phường Bến Nghé,Quận 1,Hồ Chí Minh,
140 nguyễn trãi,140 nguyễn trãi,,,,
"25/1A nguyễn bỉnh khiêm, Hồ Chí Minh, Quận 1, Phường Bến Nghé",25/1A nguyễn bỉnh khiêm,Phường Bến Nghé,Quận 1,Hồ Chí Minh,
63 Lý Tự Trọng,63 Lý Tự Trọng,,,,
"60 , hai Bà trưng, toà nhà lantbuilding",60 - hai Bà trưng - toà nhà lantbuilding,,,,
"Tòa nhà VTV số 7 Nguyễn Thị Minh Khai, bến nghé, quận 1",Tòa nhà VTV số 7 Nguyễn Thị Minh Khai - bến nghé,,quận 1,,
"7B/5 Nguyễn Thị Minh Khai, Bến Nghé, Quận 1, Hồ Chí Minh, Việt Nam",7B/5 Nguyễn Thị Minh Khai - Bến Nghé,,Quận 1,Hồ Chí Minh,Việt Nam
"66 Nguyễn Du - Mặt sau Toà Nhà M Plaza, nhà hàng Morico, Phường Bến Nghé, Quận 1, TP. Hồ Chí Minh",66 Nguyễn Du - Mặt sau Toà Nhà M Plaza - nhà hàng Morico,Phường Bến Nghé,Quận 1,TP. Hồ Chí Minh,
Toà nhà VBB - Số 5 Công trường Mê Linh Q.1 TP.HCM,Toà nhà VBB - Số 5 Công trường Mê Linh Q.1 TP.HCM,,,,
So 5 Công trường Me Linh Cổng Phan Văn Đat,So 5 Công trường Me Linh Cổng Phan Văn Đat,,,,
1a Mê Linh,1a Mê Linh,,,,
10jk tran nhat duat,10jk tran nhat duat,,,,
"33 Nguyễn Du, P. Bến Nghé, Q1",33 Nguyễn Du,P. Bến Nghé,Q1,,
8 Nguyễn Huệ,8 Nguyễn Huệ,,,,
115 nguyễn huệ,115 nguyễn huệ,,,,
43 Mac Thi Buoi,43 Mac Thi Buoi,,,,
10 Nguyễn hệ phường bến nghé quận 1,10 Nguyễn hệ,phường bến nghé,quận 1,,
"Sedona Suites, 67 Le Loi, Phong 4108, Phường Bến Nghé, Quận 1, Hồ Chí Minh",Sedona Suites - 67 Le Loi,Phong 4108,Quận 1,Hồ Chí Minh,
15b/52 lê thánh tôn p bến nghé q1 hcm,15b/52 lê thánh tôn p bến nghé q1 hcm,,,hcm,
"Địa chỉ: 15A/52 đường Lê thánh tôn, phường bến nghé, quận 1, tp hcm",Địa chỉ: 15A/52 đường Lê thánh tôn,phường bến nghé,quận 1,tp hcm,
"M Plaza, 39 Lê Duẫn",M Plaza - 39 Lê Duẫn,,,,
"Vinhomes golden river aqua 4, 2 Tôn Đức Thắng",Vinhomes golden river aqua 4 - 2 Tôn Đức Thắng,,,,
"Lầu 17 Toà nhà Vietcombank, số 5 Công trường Mê Linh",Lầu 17 Toà nhà Vietcombank - số 5 Công trường Mê Linh,,,,
"Toà nhà Green Power, 35 Tôn Đức Thắng P Bến Nghé Q 1 Tp HCM",Toà nhà Green Power - 35 Tôn Đức Thắng P Bến Nghé Q 1 Tp HCM,,,,
"1 Nguyễn Văn Bình (đối diên Mplaza Hai Bà Trưng), Phường Bến Nghé, Quận 1, TP. Hồ Chí Minh",1 Nguyễn Văn Bình (đối diên Mplaza Hai Bà Trưng),Phường Bến Nghé,Quận 1,TP. Hồ Chí Minh,
60 Hai Ba Trung,60 Hai Ba Trung,,,,
96 hồ tùng mậu phường bến nghé quận 1 tp. Hồ chí minh,96 hồ tùng mậu,phường bến nghé,quận 1 tp. Hồ chí minh,,
"Vincom B, 72 Lê Thánh Tôn, Bến Nghé, Quận 1, Hồ Chí Minh, Việt Nam",Vincom B - 72 Lê Thánh Tôn - Bến Nghé,,Quận 1,Hồ Chí Minh,Việt Nam
"Lầu 18, Tòa nhà Saigon Trade Center, 37 Tôn Đức Thắng-Hồ Chí Minh-Quận 1-Bến Nghé,Hồ Chí Minh,820000",Lầu 18 - Tòa nhà Saigon Trade Center - 37 Tôn Đức Thắng-Hồ Chí Minh-Quận 1-Bến Nghé - 820000,,,Hồ Chí Minh,
9 Tôn đức thắng,9 Tôn đức thắng,,,,
Aqua2 vinhome bason tôn đức thắng quận 1,Aqua2 vinhome bason tôn đức thắng,,quận 1,,
"dưới  đương nhà  ơ!  bên se Cây, Hồ Chí Minh, Quận 1, Phường Bến Nghé",dưới  đương nhà  ơ!  bên se Cây,Phường Bến Nghé,Quận 1,Hồ Chí Minh,
"Toà nhà Saigon Trade Center, 37 Tôn Đức Thắng",Toà nhà Saigon Trade Center - 37 Tôn Đức Thắng,,,,
"125 Hai Bà Trưng, phường Bến Nghé, quận 1",125 Hai Bà Trưng,phường Bến Nghé,quận 1,,
37 tôn đức thắng,37 tôn đức thắng,,,,
"Đ/c Số, 2 Hàm Nghi, Bến Nghé, Quận 1, Thành phố Hồ Chí Minh, Vietnam",Đ/c Số - 2 Hàm Nghi - Bến Nghé,,Quận 1,Thành phố Hồ Chí Minh,Vietnam
"Toà nhà Mê Linh, 2 Ngô Đức Kế, Hồ Chí Minh, Quận 1, Phường Bến Nghé",Toà nhà Mê Linh - 2 Ngô Đức Kế,Phường Bến Nghé,Quận 1,Hồ Chí Minh,
"Sun Wah, 115 Nguyễn Huệ",Sun Wah - 115 Nguyễn Huệ,,,,
"địa chỉ 4B Tôn Đức Thắng Phường bến Nghé, Quận 1, HCM",địa chỉ 4B Tôn Đức Thắng Phường bến Nghé,,Quận 1,HCM,
số 8 Nguyễn Huệ,số 8 Nguyễn Huệ,,,,
gui đến 63 Lý Tự Trọng phường Bến Nghé q1 tphcm.,gui đến 63 Lý Tự Trọng,phường Bến Nghé q1 tphcm.,,hcm,
"no14 Lý Tự Trọng, Quận 1, Hồ Chí Minh, Việt Nam",no14 Lý Tự Trọng,,Quận 1,Hồ Chí Minh,Việt Nam
Diamond Plaza 34 Lê Duẫn,Diamond Plaza 34 Lê Duẫn,,,,
"Tòa nhà Sunwah, 115 Nguyễn Huệ",Tòa nhà Sunwah - 115 Nguyễn Huệ,,,,
"The Deutsches Haus, 33 Lê Duẩn, Phường Bến Nghé, Quận 1, Hồ Chí Minh",The Deutsches Haus - 33 Lê Duẩn,Phường Bến Nghé,Quận 1,Hồ Chí Minh,
"11 nguyễn bỉnh khiêm, Phường Bến Nghé",11 nguyễn bỉnh khiêm,Phường Bến Nghé,,,
"tòa nhà The Landmark số 5B Tôn đức thắng, p. Bến nghé, quận 1 hồ chí minh",tòa nhà The Landmark số 5B Tôn đức thắng,p. Bến nghé,quận 1 hồ chí minh,,
"8a/h1 thái văn lung, Chikara restaurant",8a/h1 thái văn lung - Chikara restaurant,,,,
"37 Tôn Đức Thắng, Phường Bến Nghé, Quận 1, TP. Hồ Chí Minh",37 Tôn Đức Thắng,Phường Bến Nghé,Quận 1,TP. Hồ Chí Minh,
"9/11 tôn đức thắng, Phường Bến Nghé, Quận 1, Hồ Chí Minh",9/11 tôn đức thắng,Phường Bến Nghé,Quận 1,Hồ Chí Minh,
"32 lê thánh tôn, Hồ Chí Minh, Quận 1, Phường Bến Nghé",32 lê thánh tôn,Phường Bến Nghé,Quận 1,Hồ Chí Minh,
"10-12 Đinh Tiên Hoàng, Phường Bến Nghé, Quận 1, Hồ Chí Minh",10-12 Đinh Tiên Hoàng,Phường Bến Nghé,Quận 1,Hồ Chí Minh,
"Số 71/ 7Mạc Thị Bưởi , Phường Bến Nghé",Số 71/ 7Mạc Thị Bưởi,Phường Bến Nghé,,,
"41 Nguyễn Thị Minh Khai, Bến Nghé, Quận 1, Thành phố Hồ Chí Minh, Việt Nam",41 Nguyễn Thị Minh Khai - Bến Nghé,,Quận 1,Thành phố Hồ Chí Minh,Việt Nam
M Plaza 39 Lê Duẩn,M Plaza 39 Lê Duẩn,,,,
2b thi sách,2b thi sách,,,,
"The Landmark, 5B ton duc thang",The Landmark - 5B ton duc thang,,,,
"Metropolitan Building 7th Floor, 235 Dong Khoi Street, District 1",Metropolitan Building 7th Floor - 235 Dong Khoi Street - District 1,,,,
41-43 Đinh Tiên Hoàng (Cửa hàng tiện lợi Ministop),41-43 Đinh Tiên Hoàng (Cửa hàng tiện lợi Ministop),,,,
26 Lý Tự Trọng,26 Lý Tự Trọng,,,,
Chung cư 91 Nguyễn Du,Chung cư 91 Nguyễn Du,,,,
57 Hồ Tùng Mậu,57 Hồ Tùng Mậu,,,,
"Lux 6 - Vinhomes Golden River, Aqua 1, Bến Nghé, Quận 1, Thành phố Hồ Chí Minh, Việt Nam",Lux 6 - Vinhomes Golden River - Aqua 1 - Bến Nghé,,Quận 1,Thành phố Hồ Chí Minh,Việt Nam
"14 Dinh Tien Hoang, Phường Bến Nghé, Quận 1, Hồ Chí Minh",14 Dinh Tien Hoang,Phường Bến Nghé,Quận 1,Hồ Chí Minh,
"178/11 Pasteur, Hồ Chí Minh, Quận 1, Phường Bến Nghé",178/11 Pasteur,Phường Bến Nghé,Quận 1,Hồ Chí Minh,
7 Nguyễn Bỉnh Khiêm,7 Nguyễn Bỉnh Khiêm,,,,
47 Lê Duẩn/Quận 1/TP.Hồ Chí Minh/Việt Nam,47 Lê Duẩn/Quận 1/TP.Hồ Chí Minh/Việt Nam,,,,
"31B Nguyễn Du, Phường Bến Nghé, Quận 1, TP. Hồ Chí Minh",31B Nguyễn Du,Phường Bến Nghé,Quận 1,TP. Hồ Chí Minh,
"5, PetroVietnam Tower, 1-5 Lê Duẩn, Bến Nghé, HCM, Thành phố Hồ Chí Minh, Việt Nam",5 - 1-5 Lê Duẩn - Bến Nghé,PetroVietnam Tower,,HCM,Việt Nam
. 02 tôn đức thắng. P . Bến nghé .Q1,. 02 tôn đức thắng. P . Bến nghé .Q1,,,,
7 Lê Thánh Tôn,7 Lê Thánh Tôn,,,,
28 mạc thị bưởi quận 1,28 mạc thị bưởi,,quận 1,,
"Tòa nhà Đức, 33 Lê Duẩn",Tòa nhà Đức - 33 Lê Duẩn,,,,
5A Nguyễn Thị Minh Khai,5A Nguyễn Thị Minh Khai,,,,
"số 2, nguyễn hữu cảnh",số 2 - nguyễn hữu cảnh,,,,
"10-12 Đinh Tiên Hoàng, Phường Bến Nghé, Quận 1, TP. HCM",10-12 Đinh Tiên Hoàng,Phường Bến Nghé,Quận 1,TP. HCM,
"vinhomes golden river aqua1, so1D Ton Duc Thang, Hồ Chí Minh, Quận 1, Phường Bến Nghé",vinhomes golden river aqua1 - so1D Ton Duc Thang,Phường Bến Nghé,Quận 1,Hồ Chí Minh,
"29 Lê Duẩn, Phường Bến Nghé, Quận 1, TP. Hồ Chí Minh",29 Lê Duẩn,Phường Bến Nghé,Quận 1,TP. Hồ Chí Minh,
6 lê thánh tôn,6 lê thánh tôn,,,,
"23 Lê lợi,phường Bến Nghé, quận 1, tp.hồ chí minh",23 Lê lợi,phường Bến Nghé,quận 1,tp.hồ chí minh,
141 Nguyễn Du Bến Nghé q1,141 Nguyễn Du Bến Nghé q1,,,,
83 Hồ Tùng Mậu,83 Hồ Tùng Mậu,,,,
Vincom 72 Lê Thánh Tôn,Vincom 72 Lê Thánh Tôn,,,,
"Tòa nhà mplaza Số 39 Lê Duẩn, P.Bến Nghé,Quận 1,TP.HCM/Quận 1/TP.Hồ Chí Minh/Việt Nam",Tòa nhà mplaza Số 39 Lê Duẩn - TP.HCM/Quận 1/TP.Hồ Chí Minh/Việt Nam,P.Bến Nghé,Quận 1,,
"Lê Thánh Tôn 15B/107, Phường Bến Nghé, Quận 1, Hồ Chí Minh",Lê Thánh Tôn 15B/107,Phường Bến Nghé,Quận 1,Hồ Chí Minh,
"26 Lý Tự Trọng Bến Nghé Quận 1, Phường Bến Nghé, Quận 1, Hồ Chí Minh",26 Lý Tự Trọng Bến Nghé Quận 1,Phường Bến Nghé,Quận 1,Hồ Chí Minh,
65 Nguyễn Du,65 Nguyễn Du,,,,
35 Tôn Đức Thắng,35 Tôn Đức Thắng,,,,
"45 Đinh Tiên Hoàng, Phường Bến Nghé, Quận 1",45 Đinh Tiên Hoàng,Phường Bến Nghé,Quận 1,,
"37, tôn đức thắng",37 - tôn đức thắng,,,,
32 Lê Thánh Tôn,32 Lê Thánh Tôn,,,,
"8 nguyễn huệ, Phường Bến Nghé, Quận 1, TP. Hồ Chí Minh",8 nguyễn huệ,Phường Bến Nghé,Quận 1,TP. Hồ Chí Minh,
"Aqua 3, vinhomes golden river , số 2 nguyễn hữu cảnh",Aqua 3 - vinhomes golden river - số 2 nguyễn hữu cảnh,,,,
15 lê thánh tôn quận 1,15 lê thánh tôn,,quận 1,,
"Chung cư 42 Tôn Thất Thiệp, P Bến Nghê, Q1, Phường Bến Nghé, Quận 1, TP. Hồ Chí Minh",Chung cư 42 Tôn Thất Thiệp,P Bến Nghê,Q1,TP. Hồ Chí Minh,
02 Hải Triều,02 Hải Triều,,,,
"Bệnh viện nhi đông 2: cổng 4: 33, nguyễn du",Bệnh viện nhi đông 2: cổng 4: 33 - nguyễn du,,,,
"Toà nhà sunwah, 115 nguyễn huệ",Toà nhà sunwah - 115 nguyễn huệ,,,,
"Intercontinental Residences, Nguyen Du goc Le Văn Huu, apt 2706-2710",Intercontinental Residences - Nguyen Du goc Le Văn Huu - apt 2706-2710,,,,
"8 Nguyễn Huệ, Phường Bến Nghé, Quận 1",8 Nguyễn Huệ,Phường Bến Nghé,Quận 1,,
"TÒA NHÀ VBB, SỐ 05 CÔNG TRƯỜNG MÊ LINH",TÒA NHÀ VBB - SỐ 05 CÔNG TRƯỜNG MÊ LINH,,,,
"1A Cong Truong Me Linh, Quan 1",1A Cong Truong Me Linh,,Quan 1,,
31B Nguyễn Du,31B Nguyễn Du,,,,
Toà nhà Norfolk Mansion 17 Lý Tự Trọng,Toà nhà Norfolk Mansion 17 Lý Tự Trọng,,,,
"Mê linh Số 5, công trường mê linh, Hồ Chí Minh, Quận 1, Phường Bến Nghé",Mê linh Số 5 - công trường mê linh,Phường Bến Nghé,Quận 1,Hồ Chí Minh,
65 Huỳnh Thúc Kháng,65 Huỳnh Thúc Kháng,,,,
91 Pasteur/Quận 1/TP.Hồ Chí Minh/Việt Nam,91 Pasteur/Quận 1/TP.Hồ Chí Minh/Việt Nam,,,,
"mPlaza, 39 Lê Duẫn ( 8h30 Đến 17h00, Thứ 2 đến thứ 6 )",mPlaza - 39 Lê Duẫn ( 8h30 Đến 17h00 - Thứ 2 đến thứ 6 ),,,,
"28/14A tôn thất tùng phường bến thành, Phường Bến Thành, Quận 1, TP. Hồ Chí Minh",28/14A tôn thất tùng phường bến thành,Phường Bến Thành,Quận 1,TP. Hồ Chí Minh,
9/18 Đặng Trần Côn p Bến Thành q1,9/18 Đặng Trần Côn p Bến Thành q1,,,,
28 Trương Định,28 Trương Định,,,,
20 Lê Anh Xuân,20 Lê Anh Xuân,,,,
"28/12A Tôn Thất Tùng, Phường Bến Thành, Quận 1, TP. Hồ Chí Minh",28/12A Tôn Thất Tùng,Phường Bến Thành,Quận 1,TP. Hồ Chí Minh,
Số 20 nguyễn Trãi,Số 20 nguyễn Trãi,,,,
"28/12A Đường Tôn Thất Tùng, Bến Thành, Quận 1, Thành phố Hồ Chí Minh, Việt Nam",28/12A Đường Tôn Thất Tùng - Bến Thành,,Quận 1,Thành phố Hồ Chí Minh,Việt Nam
"137 Nguyễn Trãi, P.Bến Thành, Quận 1, HCM",137 Nguyễn Trãi,P.Bến Thành,Quận 1,HCM,
"01 Huyền Trân Công Chúa, Phường Bến Thành, Quận 1, TP. Hồ Chí Minh",01 Huyền Trân Công Chúa,Phường Bến Thành,Quận 1,TP. Hồ Chí Minh,
"24/27 thủ khoa Huân, Phường Bến Thành, Quận 1, TP. Hồ Chí Minh",24/27 thủ khoa Huân,Phường Bến Thành,Quận 1,TP. Hồ Chí Minh,
"Toà nhà AB, 76 Lê Lai, phường Bến Thành, Q1, HCM",Toà nhà AB - 76 Lê Lai,phường Bến Thành,Q1,HCM,
114B Tôn Thất Tùng,114B Tôn Thất Tùng,,,,
108 tôn thất Tùng p bến thành Q 1,108 tôn thất Tùng p bến thành Q 1,,,,
59 Lê Thị Riêng,59 Lê Thị Riêng,,,,
28/1 Phạm Hồng Thái,28/1 Phạm Hồng Thái,,,,
108 lê lợi,108 lê lợi,,,,
201 lý tự trọng,201 lý tự trọng,,,,
36 Bui Thi Xuan,36 Bui Thi Xuan,,,,
28/13A Tôn Thất Tùng,28/13A Tôn Thất Tùng,,,,
"lê thánh tôn, Phường Bến Thành, Quận 1, TP. Hồ Chí Minh",lê thánh tôn,Phường Bến Thành,Quận 1,TP. Hồ Chí Minh,
"76A Lê Lai, Phường Bến Thành, quận 1, Hồ Chí Minh, Quận 1, Phường Bến Thành",76A Lê Lai,Phường Bến Thành,quận 1,Hồ Chí Minh,
176/8 Lý Tự Trọng,176/8 Lý Tự Trọng,,,,
"76 Phạm Hồng Thái, Phường Bến Thành, Quận 1, Thành phố Hồ Chí Minh",76 Phạm Hồng Thái,Phường Bến Thành,Quận 1,Thành phố Hồ Chí Minh,
"Số 1 huyền trân công chúa, Phường Bến Thành, Quận 1, TP. Hồ Chí Minh",Số 1 huyền trân công chúa,Phường Bến Thành,Quận 1,TP. Hồ Chí Minh,
103 Nguyễn Trãi,103 Nguyễn Trãi,,,,
"96/11 Lê Thị Riêng, Phường Bến Thành, Quận 1, Hồ Chí Minh",96/11 Lê Thị Riêng,Phường Bến Thành,Quận 1,Hồ Chí Minh,
"14E Cách mạng Tháng 8, Phường Bến Thành, Quận 1, TP. Hồ Chí Minh",14E Cách mạng Tháng 8,Phường Bến Thành,Quận 1,TP. Hồ Chí Minh,
117/5 Lê Thị Riêng Phường Bến Thành Quận 1,117/5 Lê Thị Riêng Phường Bến Thành Quận 1,,,,
122 lê thánh tôn,122 lê thánh tôn,,,,
"266 Lê Thánh Tôn, Phường Bến Thành, Quận 1, TP. Hồ Chí Minh",266 Lê Thánh Tôn,Phường Bến Thành,Quận 1,TP. Hồ Chí Minh,
"150/17 Nguyễn Trãi, Hồ Chí Minh, Quận 1, Phường Bến Thành",150/17 Nguyễn Trãi,Phường Bến Thành,Quận 1,Hồ Chí Minh,
156D Ly Tu Trong,156D Ly Tu Trong,,,,
"166 Nguyễn Trãi, P. Bến Thành, Quận 1",166 Nguyễn Trãi,P. Bến Thành,Quận 1,,
"46-48-50 phạm hồng thái, phường bến thành, quận 1, hcm",46-48-50 phạm hồng thái,phường bến thành,quận 1,hcm,
2 hải triều,2 hải triều,,,,
"311 Lý Tự Trọng, Phường Bến Thành, Quận 1, TP. Hồ Chí Minh",311 Lý Tự Trọng,Phường Bến Thành,Quận 1,TP. Hồ Chí Minh,
100 Nguyễn trãi,100 Nguyễn trãi,,,,
"- Số 137 Nguyễn Trãi, P. Bến Thành,   Q. 1, TP. Hồ Chí Minh",- Số 137 Nguyễn Trãi,P. Bến Thành,Q. 1,TP. Hồ Chí Minh,
52B Phạm Hồng Thái - Q1 - Tp. Hồ Chí Minh,52B Phạm Hồng Thái - Q1 - ,p. Hồ Chí Minh,,,
"59 nguyễn thị minh khai, bến thành, q1 tp hồ chí minh",59 nguyễn thị minh khai - bến thành,,q1 tp hồ chí minh,,
"41 Đường Nguyễn Trãi, phường Bến Thành, Quận 1, Hồ Chí Minh, Việt Nam",41 Đường Nguyễn Trãi,phường Bến Thành,Quận 1,Hồ Chí Minh,Việt Nam
"- Số 127-129 Nguyễn Trãi, P. Bến Thành,   Q. 1, TP. Hồ Chí Minh",- Số 127-129 Nguyễn Trãi,P. Bến Thành,Q. 1,TP. Hồ Chí Minh,
"25 Lê Thị Riêng, Phường Bến Thành, Quận 1, Phường Bến Thành, Quận 1, TP. Hồ Chí Minh",25 Lê Thị Riêng,Phường Bến Thành,Quận 1,TP. Hồ Chí Minh,
"135 Nguyễn Trãi, P.Bến Thành, Quận 1, HCM",135 Nguyễn Trãi,P.Bến Thành,Quận 1,HCM,
150/34 Nguyễn Trãi,150/34 Nguyễn Trãi,,,,
"40 Lê Thị Riêng, Hồ Chí Minh, Quận 1, Phường Bến Thành",40 Lê Thị Riêng,Phường Bến Thành,Quận 1,Hồ Chí Minh,
"Số nhà 68, đường Tôn Thất Tùng, Phường Bến Thành, Quận 1, Phường Bến Thành, Quận 1, TP. Hồ Chí Minh",Số nhà 68 - đường Tôn Thất Tùng,Phường Bến Thành,Quận 1,TP. Hồ Chí Minh,
"Số 1 đường huyền trân công chúa, Phường Bến Thành, Quận 1, TP. Hồ Chí Minh",Số 1 đường huyền trân công chúa,Phường Bến Thành,Quận 1,TP. Hồ Chí Minh,
"149/4 lê thị riêng - P. Bến Thành - Q1, Phường Bến Thành, Quận 1, TP. Hồ Chí Minh",149/4 lê thị riêng - P. Bến Thành - Q1,Phường Bến Thành,Quận 1,TP. Hồ Chí Minh,
"36 Lê Thị Riêng, Phường Bến Thành, Quận 1, TP. Hồ Chí Minh",36 Lê Thị Riêng,Phường Bến Thành,Quận 1,TP. Hồ Chí Minh,
"101 - 103, 107 Nguyễn Thị Minh Khai, Phường Bến Thành, Quận 1, Thành phố Hồ Chí Minh 700000, Việt Nam",101 - 103 - 107 Nguyễn Thị Minh Khai - Thành phố Hồ Chí Minh 700000,Phường Bến Thành,Quận 1,,Việt Nam
"127-129 Nguyễn Trãi, P.Bến Thành, Quận 1, HCM",127-129 Nguyễn Trãi,P.Bến Thành,Quận 1,HCM,
136 sương nguyệt ánh Phường bến thành quận 1,136 sương nguyệt ánh Phường bến thành,,quận 1,,
"30 lê thị riêng, phường bến thành, quận 1",30 lê thị riêng,phường bến thành,quận 1,,
69 Bùi Thị Xuân,69 Bùi Thị Xuân,,,,
101 Sương Nguyệt Ánh,101 Sương Nguyệt Ánh,,,,
56 thủ khoa huân,56 thủ khoa huân,,,,
"132 Hàm Nghi, Phường Bến Thành, Quận 1, Hồ Chí Minh, Việt Nam",132 Hàm Nghi,Phường Bến Thành,Quận 1,Hồ Chí Minh,Việt Nam
150/17 Nguyễn Trãi,150/17 Nguyễn Trãi,,,,
50 Tôn Thất Tùng,50 Tôn Thất Tùng,,,,
18 Cách Mạng Tháng 8,18 Cách Mạng Tháng 8,,,,
"96/11 Lê Thị Riêng, Phường Bến Thành, Quận 1, TP. Hồ Chí Minh",96/11 Lê Thị Riêng,Phường Bến Thành,Quận 1,TP. Hồ Chí Minh,
"24/27 thủ khoa huân quận 1, Phường Bến Thành, Quận 1, TP. Hồ Chí Minh",24/27 thủ khoa huân quận 1,Phường Bến Thành,Quận 1,TP. Hồ Chí Minh,
"117, Nguyễn Du",117 - Nguyễn Du,,,,
137c nguyễn trãi,137c nguyễn trãi,,,,
85 Cách Mạng Tháng Tám,85 Cách Mạng Tháng Tám,,,,
149/32 Lê Thị Riêng,149/32 Lê Thị Riêng,,,,
"38 bui thị xuân q1 phường bến thành, Phường Bến Thành, Quận 1, Hồ Chí Minh",38 bui thị xuân q1 phường bến thành,Phường Bến Thành,Quận 1,Hồ Chí Minh,
"117 Nguyễn Du, Phường Bến Thành, Quận 1, Thành phố Hồ Chí Minh",117 Nguyễn Du,Phường Bến Thành,Quận 1,Thành phố Hồ Chí Minh,
"136/4 Lê Thánh Tôn, Phường Bến Thành, Quận 1, TP. Hồ Chí Minh",136/4 Lê Thánh Tôn,Phường Bến Thành,Quận 1,TP. Hồ Chí Minh,
39/20 Nguyễn Trãi,39/20 Nguyễn Trãi,,,,
65 trương định,65 trương định,,,,
5 nguyễn văn tráng,5 nguyễn văn tráng,,,,
"123 Lê Lợi, P. Bến Thành, Quận 1, HCM/Quận 1/TP.Hồ Chí Minh/Việt Nam",123 Lê Lợi - HCM/Quận 1/TP.Hồ Chí Minh/Việt Nam,P. Bến Thành,Quận 1,,
36 Bùi thị xuân,36 Bùi thị xuân,,,,
8 Nguyễn Văn Tráng,8 Nguyễn Văn Tráng,,,,
85 Cách Mạng Tháng 8,85 Cách Mạng Tháng 8,,,,
143 Nguyễn Trãi,143 Nguyễn Trãi,,,,
"92 Tôn Thất Tùng, Phường Bến Thành, Quận 1, TP. Hồ Chí Minh",92 Tôn Thất Tùng,Phường Bến Thành,Quận 1,TP. Hồ Chí Minh,
"99 Nguyễn Thị Minh Khai, P. Bến Thành, Quận 1",99 Nguyễn Thị Minh Khai,P. Bến Thành,Quận 1,,
"14D Cách Mạng Tháng 8 (Trong Công Viên Tao Đàn)-Hồ Chí Minh-Quận 1-Phường Bến Thành,Hồ Chí Minh,Quận 1,Phường Bến Thành",14D Cách Mạng Tháng 8 (Trong Công Viên Tao Đàn)-Hồ Chí Minh-Quận 1-Phường Bến Thành,Phường Bến Thành,Quận 1,Hồ Chí Minh,
"6/19 Cách Mạng Tháng 8, phường Bến Thành",6/19 Cách Mạng Tháng 8,phường Bến Thành,,,
150/36 nguyễn trãi bến thành q1,150/36 nguyễn trãi bến thành q1,,,,
42 Ton That Tung,42 Ton That Tung,,,,
"43 Nguyễn An Ninh, Phường Bến Thành, Quận 1, Thành phố Hồ Chí Minh",43 Nguyễn An Ninh,Phường Bến Thành,Quận 1,Thành phố Hồ Chí Minh,
"171/1 Lý Tự Trọng, phường Bến Thành, Quận 1, Thành phố Hồ Chí Minh, Việt Nam",171/1 Lý Tự Trọng,phường Bến Thành,Quận 1,Thành phố Hồ Chí Minh,Việt Nam
36 Bùi thị xuan,36 Bùi thị xuan,,,,
57 Nguyễn Thị Minh Khai,57 Nguyễn Thị Minh Khai,,,,
"33 Cách Mạng Tháng 8, Bến Thành, Quận 1, Thành phố Hồ Chí Minh, Việt Nam",33 Cách Mạng Tháng 8 - Bến Thành,,Quận 1,Thành phố Hồ Chí Minh,Việt Nam
"30 nguyễn trãi, Phường Bến Thành, Quận 1, Hồ Chí Minh",30 nguyễn trãi,Phường Bến Thành,Quận 1,Hồ Chí Minh,
"Số 38 Phạm Hồng Thái, Phường Bến Thành",Số 38 Phạm Hồng Thái,Phường Bến Thành,,,
"135 Nguyễn Trãi, Bến Thành, Quận 1, Thành phố Hồ Chí Minh, Việt Nam",135 Nguyễn Trãi - Bến Thành,,Quận 1,Thành phố Hồ Chí Minh,Việt Nam
289 Lý Tự Trọng,289 Lý Tự Trọng,,,,
18 Tôn Thất Tùng,18 Tôn Thất Tùng,,,,
"170 Lý Tự Trọng, Bến Thành, Quận 1, Thành phố Hồ Chí Minh, Việt Nam",170 Lý Tự Trọng - Bến Thành,,Quận 1,Thành phố Hồ Chí Minh,Việt Nam
"Vinhomes Golden River aqua 4, Hồ Chí Minh, Quận 1, Phường Bến Thành",Vinhomes Golden River aqua 4,Phường Bến Thành,Quận 1,Hồ Chí Minh,
"Số 141 tòa nhà Viet Dragon , đường Nguyễn Du.",Số 141 tòa nhà Viet Dragon - đường Nguyễn Du.,,,,
"260 Lý Tự Trọng, Phường Bến Thành, Quận 1, Thành phố Hồ Chí Minh, Việt Nam",260 Lý Tự Trọng,Phường Bến Thành,Quận 1,Thành phố Hồ Chí Minh,Việt Nam
"Tòa Nhà AB, 76 Lê Lai, Bến Thành, Quận 1, Thành phố Hồ Chí Minh, Việt Nam",Tòa Nhà AB - 76 Lê Lai - Bến Thành,,Quận 1,Thành phố Hồ Chí Minh,Việt Nam
"Cưa sô 2,chơ bên thành",Cưa sô 2 - chơ bên thành,,,,
"201 Lý Tự Trọng, Phường Bến Thành, Quận 1, Thành phố Hồ Chí Minh, Vietnam",201 Lý Tự Trọng,Phường Bến Thành,Quận 1,Thành phố Hồ Chí Minh,Vietnam
96/3 lê thị riêng,96/3 lê thị riêng,,,,
117 Nguyen Du,117 Nguyen Du,,,,
"44 Nguyễn An Ninh, phường Bến Thành, Quận 1, Hồ Chí Minh, Việt Nam",44 Nguyễn An Ninh,phường Bến Thành,Quận 1,Hồ Chí Minh,Việt Nam
"67 lê lợi quận 1, toà nhà Takahashiyama, Phường Bến Thành, Quận 1",67 lê lợi quận 1 - toà nhà Takahashiyama,Phường Bến Thành,Quận 1,,
"111st NGUYEN DU, PARK VILLA, ROOM 113, Hồ Chí Minh, Quận 1, Phường Bến Thành",111st NGUYEN DU - ROOM 113,PARK VILLA,Quận 1,Hồ Chí Minh,
12-12Bis Cách Mạng Tháng Tám,12-12Bis Cách Mạng Tháng Tám,,,,
125 Lê lợi bệnh viên đa khoa sài gòn,125 Lê lợi bệnh viên đa khoa sài gòn,,,,
68/6 Huỳnh Thúc Kháng,68/6 Huỳnh Thúc Kháng,,,,
240/5 Lê Thanh Nghi,240/5 Lê Thanh Nghi,,,,
174/1 bis lê lai .Phường Bến Thành .Quận 1,174/1 bis lê lai .Phường Bến Thành .Quận 1,,,,
153Bis Lê Thị Riêng,153Bis Lê Thị Riêng,,,,
"149/21/2 Lê Thị Riêng, P. Bến Thành, Q1",149/21/2 Lê Thị Riêng,P. Bến Thành,Q1,,
"99 Nguyễn thị minh khai, phường bến thành, quận 1",99 Nguyễn thị minh khai,phường bến thành,quận 1,,
"14 nguyễn thị nghĩa, Hồ Chí Minh, Quận 1, Phường Bến Thành",14 nguyễn thị nghĩa,Phường Bến Thành,Quận 1,Hồ Chí Minh,
"7/11 Nguyễn Trãi, Phường Bến Thành, Quận 1, Thành phố Hồ Chí Minh",7/11 Nguyễn Trãi,Phường Bến Thành,Quận 1,Thành phố Hồ Chí Minh,
"149 lê thị riêng, Phường Bến Thành, Quận 1, Hồ Chí Minh",149 lê thị riêng,Phường Bến Thành,Quận 1,Hồ Chí Minh,
76 Lê Lai phường Bến Thành Quận 1,76 Lê Lai,phường Bến Thành Quận 1,,,
"101 sương nguyệt anh, Phường Bến Thành, Quận 1, TP. Hồ Chí Minh",101 sương nguyệt anh,Phường Bến Thành,Quận 1,TP. Hồ Chí Minh,
73A Nguyễn Thị Minh Khai,73A Nguyễn Thị Minh Khai,,,,
"200/1 Le Thanh Ton, Quan 1, HCMC. Giao sau 11h tất cả các ngày trong tuần đều được.",200/1 Le Thanh Ton - HCMC. Giao sau 11h tất cả các ngày trong tuần đều được.,,Quan 1,,
"1b huyền trân công chúa, Phường Bến Thành, Quận 1, TP. Hồ Chí Minh",1b huyền trân công chúa,Phường Bến Thành,Quận 1,TP. Hồ Chí Minh,
7/14 Nguyễn Trãi,7/14 Nguyễn Trãi,,,,
134 Hàm Nghi,134 Hàm Nghi,,,,
156 Nguyễn Trãi,156 Nguyễn Trãi,,,,
"14D Cách Mạng Tháng 8 (Trong công viên Tao Đàn),Hồ Chí Minh,Quận 1,Phường Bến Thành",14D Cách Mạng Tháng 8 (Trong công viên Tao Đàn),Phường Bến Thành,Quận 1,Hồ Chí Minh,
"97 Nguyen Thi Minmh Khai, Hồ Chí Minh, Quận 1, Phường Bến Thành",97 Nguyen Thi Minmh Khai,Phường Bến Thành,Quận 1,Hồ Chí Minh,
"- Số 131-133 Nguyễn Trãi, P. Bến Thành,   Q. 1, TP. Hồ Chí Minh",- Số 131-133 Nguyễn Trãi,P. Bến Thành,Q. 1,TP. Hồ Chí Minh,
252 Lê Thánh Tôn P.Bến Thành Q.1,252 Lê Thánh Tôn P.Bến Thành Q.1,,,,
117 Nguyễn Du,117 Nguyễn Du,,,,
Toà nhà Havana 132 Hàm Nghi,Toà nhà Havana 132 Hàm Nghi,,,,
"119 lý tự trọng,Hồ Chí Minh,Quận 1,Phường Bến Thành",119 lý tự trọng,Phường Bến Thành,Quận 1,Hồ Chí Minh,
"36/1 Lê Thị Riêng, Phường Bến Thành, Quận 1, TP. Hồ Chí Minh",36/1 Lê Thị Riêng,Phường Bến Thành,Quận 1,TP. Hồ Chí Minh,
"- Số 135 Nguyễn Trãi, P. Bến Thành,   Q. 1, TP. Hồ Chí Minh",- Số 135 Nguyễn Trãi,P. Bến Thành,Q. 1,TP. Hồ Chí Minh,
"(Trong Công Viên Tao Đàn) 14D Cách Mạng Tháng 8, Phường Bến Thành, Quận 1, TP. Hồ Chí Minh",(Trong Công Viên Tao Đàn) 14D Cách Mạng Tháng 8,Phường Bến Thành,Quận 1,TP. Hồ Chí Minh,
127 Nguyễn du,127 Nguyễn du,,,,
10 b suong nguyet anh,10 b suong nguyet anh,,,,
121 LE LOI,121 LE LOI,,,,
100a bùi thị xuân,100a bùi thị xuân,,,,
188 Lê Lai,188 Lê Lai,,,,
"95 Cách Mạng Tháng Tám, Bến Thành, Quận 1, Thành phố Hồ Chí Minh, Việt Nam",95 Cách Mạng Tháng Tám - Bến Thành,,Quận 1,Thành phố Hồ Chí Minh,Việt Nam
"57 Nguyễn Trãi , phường bến thành, quận 1, Tp.hcm, Phường Bến Thành, Quận 1, TP. Hồ Chí Minh",57 Nguyễn Trãi,phường bến thành,quận 1,Tp.hcm,
"7 Đặng Trần Côn, Bến Thành, Quận 1, Thành phố Hồ Chí Minh, Việt Nam",7 Đặng Trần Côn - Bến Thành,,Quận 1,Thành phố Hồ Chí Minh,Việt Nam
BẾN THÀNH QUẬN 1 HCM,BẾN THÀNH QUẬN 1 HCM,,,,
136B Ly Tu Trong,136B Ly Tu Trong,,,,
125 toà nhà Tường Việt,125 toà nhà Tường Việt,,,,
đc 115/22 Nguyễn du,đc 115/22 Nguyễn du,,,,
"Shop thể thao BO SPORT, số 1 kios 13 huyền trân công chúa, Phường Bến Thành, Quận 1, TP. Hồ Chí Minh",Shop thể thao BO SPORT - số 1 kios 13 huyền trân công chúa,Phường Bến Thành,Quận 1,TP. Hồ Chí Minh,
"Chung cư 35 Nguyễn Văn Tráng (giao/lấy hàng sau 9h45), Phường Bến Thành, Quận 1, TP. Hồ Chí Minh",Chung cư 35 Nguyễn Văn Tráng (giao/lấy hàng sau 9h45),Phường Bến Thành,Quận 1,TP. Hồ Chí Minh,
143 Nguyễn du phường bến thành quận 1,143 Nguyễn du,phường bến thành,quận 1,,
37 Tôn Đức Thắng,37 Tôn Đức Thắng,,,,
"Hẻm 59 Sương Nguyệt Ánh, phường Bến Thành, Phường Bến Thành, Quận 1, TP. Hồ Chí Minh",Hẻm 59 Sương Nguyệt Ánh,phường Bến Thành,Quận 1,TP. Hồ Chí Minh,
150/20,150/20,,,,
"131A, Nguyễn Thị Minh Khai, Phường Bến Thành, Quận 1, TP. Hồ Chí Minh",131A - Nguyễn Thị Minh Khai,Phường Bến Thành,Quận 1,TP. Hồ Chí Minh,
"Phòng 605, Tầng 6, Zen Plaza, 54-56 Nguyễn Trãi, P. Bến Thành, Quận 1, TP. HCM",Tầng 6 - Zen Plaza - 54-56 Nguyễn Trãi,Phòng 605,Quận 1,TP. HCM,
"13 Cách Mạng Tháng 8, Bến Thành, Quận 1, Thành phố Hồ Chí Minh, Việt Nam",13 Cách Mạng Tháng 8 - Bến Thành,,Quận 1,Thành phố Hồ Chí Minh,Việt Nam
Sen hotel 82 Lê Lai,Sen hotel 82 Lê Lai,,,,
"98f/10 Lê lai , p bến thành ,quan 1 hcm",98f/10 Lê lai,p bến thành,quan 1 hcm,,
73 Nguyễn Trãi,73 Nguyễn Trãi,,,,
"131 Nguyễn Thị Minh Khai, Bến Thành, Quận 1, Thành phố Hồ Chí Minh, Việt Nam",131 Nguyễn Thị Minh Khai - Bến Thành,,Quận 1,Thành phố Hồ Chí Minh,Việt Nam
"131 Nguyễn Trãi, P.Bến Thành, Quận 1, HCM",131 Nguyễn Trãi,P.Bến Thành,Quận 1,HCM,
"50-52 phạm hồng thái, Hồ Chí Minh, Quận 1, Phường Bến Thành",50-52 phạm hồng thái,Phường Bến Thành,Quận 1,Hồ Chí Minh,
"36 bùi thị xuân, Phường Bến Thành, Quận 1, TP. Hồ Chí Minh",36 bùi thị xuân,Phường Bến Thành,Quận 1,TP. Hồ Chí Minh,
"69 Nguyễn Thị Minh Khai, Phường Bến Q1 hcm",69 Nguyễn Thị Minh Khai,Phường Bến Q1 hcm,,,
136/24 Lê Thánh Tôn,136/24 Lê Thánh Tôn,,,,
Số 8 Nguyễn văn tráng,Số 8 Nguyễn văn tráng,,,,
36 Lê Lai,36 Lê Lai,,,,
Số 8 Nguyễn Văn Trang,Số 8 Nguyễn Văn Trang,,,,
95 CMT8 ( tòa nhà TUONG VIET),95 CMT8 ( tòa nhà TUONG VIET),,,,
"55B Nguyễn Thị Minh Khai, Hồ Chí Minh, Quận 1, Phường Bến Thành",55B Nguyễn Thị Minh Khai,Phường Bến Thành,Quận 1,Hồ Chí Minh,
"131B Nguyễn Thị Minh Khai, Phường Bến Thành, Quận 1, TP. Hồ Chí Minh",131B Nguyễn Thị Minh Khai,Phường Bến Thành,Quận 1,TP. Hồ Chí Minh,
"22 Tôn Thất Tùng, Phường Bến Thành, Quận 1, TP. Hồ Chí Minh",22 Tôn Thất Tùng,Phường Bến Thành,Quận 1,TP. Hồ Chí Minh,
"98J Lê Lai, phường Bến Thành, quận 1",98J Lê Lai,phường Bến Thành,quận 1,,
"quận 1,Hồ Chí Minh,Quận 1,Phường Bến Thành",,Phường Bến Thành,quận 1,Hồ Chí Minh,
Số 1 đường huyền trân,Số 1 đường huyền trân,,,,
"90 bùi thị xuân, Hồ Chí Minh, Quận 1, Phường Bến Thành",90 bùi thị xuân,Phường Bến Thành,Quận 1,Hồ Chí Minh,
22 Trương Định ChibiHome,22 Trương Định ChibiHome,,,,
"Toà nhà AB 76 Lê Lai, P.Bến Thành, Q.1/Quận 1/TP.Hồ Chí Minh/Việt Nam",Toà nhà AB 76 Lê Lai,P.Bến Thành,Q.1/Quận 1/TP.Hồ Chí Minh/Việt Nam,,
14 NGUYEN THI NGHIA,14 NGUYEN THI NGHIA,,,,
"Lầu 1, 100 Nguyễn Trãi, Bến Thành, Quận 1, Thành phố Hồ Chí Minh, Vietnam",Lầu 1 - 100 Nguyễn Trãi - Bến Thành,,Quận 1,Thành phố Hồ Chí Minh,Vietnam
136/4 Lê Thánh Tôn,136/4 Lê Thánh Tôn,,,,
Số 176 đường Nguyễn Trãi,Số 176 đường Nguyễn Trãi,,,,
"7-9 Trương Định, phường Bến Thành, quận 1, TP.HCM (gần khách sạn New World, bên phía cửa Tây chợ Bến Thành), Phường Bến Thành, Quận 1, TP. Hồ Chí Minh",7-9 Trương Định - TP.HCM (gần khách sạn New World - bên phía cửa Tây chợ Bến Thành),phường Bến Thành,quận 1,TP. Hồ Chí Minh,
"35 Nguyễn Văn Tráng , phường Bến Thành , quận 1",35 Nguyễn Văn Tráng,phường Bến Thành,quận 1,,
"12B Huyền Trân Công Chúa, Phường Bến Thành, Quận 1, TP. Hồ Chí Minh",12B Huyền Trân Công Chúa,Phường Bến Thành,Quận 1,TP. Hồ Chí Minh,
" - Số 131-133 Nguyễn Trãi, P. Bến Thành,   Q. 1, TP. Hồ Chí Minh",- Số 131-133 Nguyễn Trãi,P. Bến Thành,Q. 1,TP. Hồ Chí Minh,
"99 Nguyễn Du, Phường Bến Thành, Quận 1, TP. Hồ Chí Minh",99 Nguyễn Du,Phường Bến Thành,Quận 1,TP. Hồ Chí Minh,
5 floor 144 146 148 Lê Lai,5 floor 144 146 148 Lê Lai,,,,
"Viet Dragon Tower, 141 Nguyễn Du",Viet Dragon Tower - 141 Nguyễn Du,,,,
"130 Lý Tự Trọng, Phường Bến Thành",130 Lý Tự Trọng,Phường Bến Thành,,,
"12 Thủ Khoa Huân, Phường Bến Thành, Quận 1, TP. Hồ Chí Minh",12 Thủ Khoa Huân,Phường Bến Thành,Quận 1,TP. Hồ Chí Minh,
"231-233 Lê Thánh Tôn, Bến Thành, Quận 1, TpHCM",231-233 Lê Thánh Tôn - Bến Thành,,Quận 1,TpHCM,
"Lầu 1, 26 Nguyễn Trãi, Phường Bến Thành, Quận 1, TP. Hồ Chí Minh",Lầu 1 - 26 Nguyễn Trãi,Phường Bến Thành,Quận 1,TP. Hồ Chí Minh,
"216 Lê Lai phường Phạm Ngũ Lão , quận 1 , HCM, Phường Bến Thành, Quận 1, Hồ Chí Minh",216 Lê Lai phường Phạm Ngũ Lão,Phường Bến Thành,quận 1,HCM,
"131 Nguyễn Trãi, Bến Thành, Quận 1, Thành phố Hồ Chí Minh, Việt Nam",131 Nguyễn Trãi - Bến Thành,,Quận 1,Thành phố Hồ Chí Minh,Việt Nam
"259 Tran Hung Dao,P.Co Giang,Q.1,Hcm",259 Tran Hung Dao,P.Co Giang,Q.1,Hcm,
200/17 Cô Giang,200/17 Cô Giang,,,,
"428 Võ Văn Kiệt, Hồ Chí Minh, Quận 1, Phường Cô Giang",428 Võ Văn Kiệt,Phường Cô Giang,Quận 1,Hồ Chí Minh,
"219 trần hưng đạo, Phường Cô Giang, Quận 1, TP. Hồ Chí Minh",219 trần hưng đạo,Phường Cô Giang,Quận 1,TP. Hồ Chí Minh,
72/24 Trần đình Vũ,72/24 Trần đình Vũ,,,,
255 Trần Hưng Đạo,255 Trần Hưng Đạo,,,,
161/16 cô giang,161/16 cô giang,,,,
"Cô Giang, Quận 1, Hồ Chí Minh, Việt Nam",Cô Giang,,Quận 1,Hồ Chí Minh,Việt Nam
"259 đường Trần Hưng Đạo ( giao giờ hành chính các ngày trong tuần, trừ t7, cn)",259 đường Trần Hưng Đạo ( giao giờ hành chính các ngày trong tuần - trừ t7 - cn),,,,
53/5 nguyễn khắc nhu,53/5 nguyễn khắc nhu,,,,
"329 Trần Hưng Đạo , P.Cô Giang , Quận 1, Phường Cô Giang, Quận 1, Hồ Chí Minh",329 Trần Hưng Đạo,P.Cô Giang,Quận 1,Hồ Chí Minh,
Số 1 Nguyễn Khắc Nhu,Số 1 Nguyễn Khắc Nhu,,,,
"252B CÔ BẮC, PHƯỜNG CÔ GANG, QUẬN 1, HCM, Phường Cô Giang, Quận 1, TP. Hồ Chí Minh",252B CÔ BẮC,PHƯỜNG CÔ GANG,QUẬN 1,HCM,
"329 Trần Hưng Đạo, Phường Cô Giang, Quận 1, TP. Hồ Chí Minh",329 Trần Hưng Đạo,Phường Cô Giang,Quận 1,TP. Hồ Chí Minh,
"259 trần hưng đạo, p. Cô giang, q1, tphcm",259 trần hưng đạo,p. Cô giang,q1,tphcm,
"87, 16 Trần Đình Xu, Cô Giang, Quận 1, Thành phố Hồ Chí Minh, Việt Nam",87 - 16 Trần Đình Xu - Cô Giang,,Quận 1,Thành phố Hồ Chí Minh,Việt Nam
"329/10A Trần Hưng Đạo, Phường Cô Giang, Quận 1, TP. Hồ Chí Minh",329/10A Trần Hưng Đạo,Phường Cô Giang,Quận 1,TP. Hồ Chí Minh,
"259 trần Hưng Đạo, phường Cô Giang Q1",259 trần Hưng Đạo,phường Cô Giang Q1,,,
"255 Trần Hưng Đạo, Cô Giang, Quận 1, Hồ Chí Minh, Việt Nam",255 Trần Hưng Đạo - Cô Giang,,Quận 1,Hồ Chí Minh,Việt Nam
"252B Cô Bắc, Phường Cô Giang, Quận 1, HCM, Phường Cô Giang, Quận 1, TP. Hồ Chí Minh",252B Cô Bắc,Phường Cô Giang,Quận 1,HCM,
284/17 Cô Bắc,284/17 Cô Bắc,,,,
"35 HỒ HẢO HỚN, PHƯỜNG CÔ GIANG, QUẬN 1, THÀNH PHỐ HỒ CHÍ MINH,Quận 1,Quận 1",35 HỒ HẢO HỚN,PHƯỜNG CÔ GIANG,QUẬN 1,THÀNH PHỐ HỒ CHÍ MINH,
"46D Trần Đình Xu, phường Cô Giang, quận 1, TPHCM, Phường Cô Giang, Quận 1, TP. Hồ Chí Minh",46D Trần Đình Xu,phường Cô Giang,quận 1,TPHCM,
187/2a dg cô giang,187/2a dg cô giang,,,,
"46D Trần Đình Xu, Phường Cô Giang, Quận 1, TP HCM",46D Trần Đình Xu,Phường Cô Giang,Quận 1,TP HCM,
"71/25B Cô Bắc, Phường Cô Giang, Quận 1, TP. Hồ Chí Minh",71/25B Cô Bắc,Phường Cô Giang,Quận 1,TP. Hồ Chí Minh,
"17D Hồ Hảo Hớn, Phường Cô Giang, Quận 1, Thành phố Hồ Chí Minh, Việt Nam",17D Hồ Hảo Hớn,Phường Cô Giang,Quận 1,Thành phố Hồ Chí Minh,Việt Nam
"13C Hồ Hảo Hớn  P . Cô Giang Q1 HCM, Phường Cô Giang, Quận 1, TP. Hồ Chí Minh",13C Hồ Hảo Hớn  P . Cô Giang Q1 HCM,Phường Cô Giang,Quận 1,TP. Hồ Chí Minh,
"35b Hồ Hảo Hớn, Phường Cô Giang, Quận 1, Hồ Chí Minh",35b Hồ Hảo Hớn,Phường Cô Giang,Quận 1,Hồ Chí Minh,
"200 Cô Bắc, Phường Cô Giang, Quận 1, TP. Hồ Chí Minh",200 Cô Bắc,Phường Cô Giang,Quận 1,TP. Hồ Chí Minh,
293 Trần Hưng Đạo,293 Trần Hưng Đạo,,,,
153 đề thám,153 đề thám,,,,
"35 Hồ Hảo Hớn, Phường Cô Giang, Quận 1, Thành phố Hồ Chí Minh, Việt Nam",35 Hồ Hảo Hớn,Phường Cô Giang,Quận 1,Thành phố Hồ Chí Minh,Việt Nam
27 Đề Thám,27 Đề Thám,,,,
"171C Cô Bắc, Phường Cô Giang, Quận 1, Thành phố Hồ Chí Minh, Việt Nam",171C Cô Bắc,Phường Cô Giang,Quận 1,Thành phố Hồ Chí Minh,Việt Nam
"Sunny tower , 259 trần hưng đạo",Sunny tower - 259 trần hưng đạo,,,,
171/32 Cô Bắc,171/32 Cô Bắc,,,,
"46D Trần đình Xu, Phường Cô Giang, Quận 1, TP. Hồ Chí Minh",46D Trần đình Xu,Phường Cô Giang,Quận 1,TP. Hồ Chí Minh,
185/6 Cô Bắc. Quận 1,185/6 Cô Bắc. Quận 1,,,,
48/47 trần đình xu,48/47 trần đình xu,,,,
Số 25 đề thám,Số 25 đề thám,,,,
"97 Hồ Hảo Hớn, Cô Giang, Quận 1, Thành phố Hồ Chí Minh, Việt Nam",97 Hồ Hảo Hớn - Cô Giang,,Quận 1,Thành phố Hồ Chí Minh,Việt Nam
35E hồ hảo hớn p.coi giang q1,35E hồ hảo hớn,p.coi giang q1,,,
"Số 7 Hồ Hảo Hớn, Cô Giang, Quận 1",Số 7 Hồ Hảo Hớn - Cô Giang,,Quận 1,,
"252B Cô Bắc, P. Cô Giang, Q1, HCM, Phường Cô Giang, Quận 1, TP. Hồ Chí Minh",252B Cô Bắc,P. Cô Giang,Q1,HCM,
284 cô bắc,284 cô bắc,,,,
" 252B Cô Bắc, Phường Cô Giang, Quận 1, HCM, Phường Cô Giang, Quận 1, TP. Hồ Chí Minh",252B Cô Bắc,Phường Cô Giang,Quận 1,HCM,
"147 đề thám, Phường Cô Giang, Quận 1, TP. Hồ Chí Minh",147 đề thám,Phường Cô Giang,Quận 1,TP. Hồ Chí Minh,
157b Cô Bắc,157b Cô Bắc,,,,
171/32 cô Bắc,171/32 cô Bắc,,,,
171/22 cô bắc,171/22 cô bắc,,,,
163 trần hưng đạo/Quận 1/TP.Hồ Chí Minh/Việt Nam,163 trần hưng đạo/Quận 1/TP.Hồ Chí Minh/Việt Nam,,,,
"252B - Cô Bắc - Phường Cô Giang - Quận 1, HCM, Phường Cô Giang, Quận 1, TP. Hồ Chí Minh",252B - Cô Bắc - Phường Cô Giang - Quận 1,Phường Cô Giang,Quận 1,HCM,
251 - 253 Trần Hưng Đạo,251 - 253 Trần Hưng Đạo,,,,
"Chợ Nga, block C",Chợ Nga - block C,,,,
"71/17 Cô Bắc, Phường Cô Giang, Quận 1, TP. Hồ Chí Minh",71/17 Cô Bắc,Phường Cô Giang,Quận 1,TP. Hồ Chí Minh,
54 cô giang cô giang q1,54 cô giang cô giang q1,,,,
130 Cô bắc,130 Cô bắc,,,,
"314 Cô Bắc , Phương Cô Giang , Quận 1 , Hồ Chí Minh",314 Cô Bắc - Hồ Chí Minh,Phương Cô Giang,Quận 1,,
69/2 Đề Thám . Phường Cô Giang . quận 1,69/2 Đề Thám . Phường Cô Giang .,,quận 1,,
"255 Trần Hưng Đạo, Phường Cô Giang, Quận 1, Tp. HCM",255 Trần Hưng Đạo,Phường Cô Giang,Quận 1,Tp. HCM,
"13B Đường Hồ Hảo Hớn, Phường Cô Giang, Quận 1, Thành Phố Hồ Chí Minh",13B Đường Hồ Hảo Hớn,Phường Cô Giang,Quận 1,Thành Phố Hồ Chí Minh,
"428 Võ Văn Kiệt, P.Cô Giang Q1",428 Võ Văn Kiệt,P.Cô Giang Q1,,,
88 Trần Đình Xu,88 Trần Đình Xu,,,,
29 Đề Thám,29 Đề Thám,,,,
"219/20/11 Trần Hưng Đạo  Phường Cô Giang, Quận 1, Thành phố Hồ Chí Minh",219/20/11 Trần Hưng Đạo  Phường Cô Giang,,Quận 1,Thành phố Hồ Chí Minh,
"HỌA CỤ KIẾN TRÚC TÂM TÂM  - 252B CÔ BẮC, P. CÔ GIANG, QUẬN 1, HCM, Phường Cô Giang, Quận 1, TP. Hồ Chí Minh",HỌA CỤ KIẾN TRÚC TÂM TÂM  - 252B CÔ BẮC,P. CÔ GIANG,QUẬN 1,HCM,
"187 Cô Giang,  Quận 1",187 Cô Giang,,Quận 1,,
128/16 cô bắc,128/16 cô bắc,,,,
"Tòa A - Chợ Nga - 328 Võ Văn Kiệt, Phường Cô Giang, Quận 1, TP. Hồ Chí Minh",Tòa A - Chợ Nga - 328 Võ Văn Kiệt,Phường Cô Giang,Quận 1,TP. Hồ Chí Minh,
"46D Trần đình Xu phường Cô Giang quận phường Cô Giang quận 1, Phường Cô Giang, Quận 1, TP. Hồ Chí Minh",46D Trần đình Xu phường Cô Giang quận phường Cô Giang quận 1,Phường Cô Giang,Quận 1,TP. Hồ Chí Minh,
77a cô bắc,77a cô bắc,,,,
"70 Trần Đình Xu, Cô Giang, Quận 1, Thành phố Hồ Chí Minh, Việt Nam",70 Trần Đình Xu - Cô Giang,,Quận 1,Thành phố Hồ Chí Minh,Việt Nam
"210B/1 cô bắc , phường cô giang, quận 1, tp hồ chí minh",210B/1 cô bắc - tp hồ chí minh,phường cô giang,quận 1,,
254 Cô Bắc,254 Cô Bắc,,,,
"422 Vo Van Kiet  C/c BMC, Hồ Chí Minh, Quận 1, Phường Cô Giang",422 Vo Van Kiet  C/c BMC,Phường Cô Giang,Quận 1,Hồ Chí Minh,
193-203 Trần Hưng Đạo,193-203 Trần Hưng Đạo,,,,
"255 trần hưng đạo, Phường Cô Giang, quận 1, tphcm",255 trần hưng đạo,Phường Cô Giang,quận 1,tphcm,
64/22 Trần Đình Xu,64/22 Trần Đình Xu,,,,
72/24A/5 Trần Đình Xu,72/24A/5 Trần Đình Xu,,,,
"59 bis B Hồ Hảo Hớn, Phường Cô Giang, Quận 1, TP. Hồ Chí Minh",59 bis B Hồ Hảo Hớn,Phường Cô Giang,Quận 1,TP. Hồ Chí Minh,
"233/33 Võ Văn Kiệt, chạy kiếm số 342 - 344 sẽ thấy hẻm 233",233/33 Võ Văn Kiệt - chạy kiếm số 342 - 344 sẽ thấy hẻm 233,,,,
328 Võ Văn Kiệt (lô B),328 Võ Văn Kiệt (lô B),,,,
"147 ĐỀ THÁM,Hồ Chí Minh,Quận 1,Phường Cô Giang",147 ĐỀ THÁM,Phường Cô Giang,Quận 1,Hồ Chí Minh,
Toà nhà BMC 422 Võ Văn Kiệt,Toà nhà BMC 422 Võ Văn Kiệt,,,,
Toà nhà MB - 259 Trần Hưng Đạo,Toà nhà MB - 259 Trần Hưng Đạo,,,,
"Lô B, chung cư Central Garden- 328 Võ Văn Kiệt",Lô B - chung cư Central Garden- 328 Võ Văn Kiệt,,,,
"Chung cư BMC, Số 422 Võ Văn Kiệt, Phường Cô Giang, Quận 1, TP. Hồ Chí Minh",Chung cư BMC - Số 422 Võ Văn Kiệt,Phường Cô Giang,Quận 1,TP. Hồ Chí Minh,
"328 Võ Văn Kiệt, Phường Cô Giang, Quận 1, TP. Hồ Chí Minh",328 Võ Văn Kiệt,Phường Cô Giang,Quận 1,TP. Hồ Chí Minh,
Số 200 cô pắc,Số 200 cô pắc,,,,
"328 võ văn kiệt, hcm",328 võ văn kiệt,,,hcm,
"329/22 trần hưng đạo, Hồ Chí Minh, Quận 1, Phường Cô Giang",329/22 trần hưng đạo,Phường Cô Giang,Quận 1,Hồ Chí Minh,
28-30 Trần Đình Xu,28-30 Trần Đình Xu,,,,
"442 Võ Văn Kiệt BMC Building 1601, Hồ Chí Minh, Quận 1, Phường Cô Giang",442 Võ Văn Kiệt BMC Building 1601,Phường Cô Giang,Quận 1,Hồ Chí Minh,
"259, Sunny Tower, Trần Hưng Đạo",259 - Sunny Tower - Trần Hưng Đạo,,,,
"XX - 252B CÔ BẮC, PHƯỜNG CÔ GANG, QUẬN 1, HCM, Phường Cô Giang, Quận 1, TP. Hồ Chí Minh",XX - 252B CÔ BẮC,PHƯỜNG CÔ GANG,QUẬN 1,HCM,
"chợ Nga 328 Võ Văn Kiệt, P.Cô Giang, Quận 1 , Hồ Chí Minh, Phường Cô Giang, Quận 1, TP. Hồ Chí Minh",chợ Nga 328 Võ Văn Kiệt,P.Cô Giang,Quận 1,Hồ Chí Minh,
155/16 cô bắc p cô giang q1,155/16 cô bắc p cô giang q1,,,,
"xx 252B Cô Bắc, Phường Cô Giang, Quận 1, HCM, Phường Cô Giang, Quận 1, TP. Hồ Chí Minh",xx 252B Cô Bắc,Phường Cô Giang,Quận 1,HCM,
"cô giang, quận1, hcm",cô giang,,quận1,hcm,
"Toà nhà Central Garden, 328 Võ Văn Kiệt, phường Cô Giang, quận 1, tphcm",Toà nhà Central Garden - 328 Võ Văn Kiệt,phường Cô Giang,quận 1,tphcm,
81 Hồ Hảo Hớn,81 Hồ Hảo Hớn,,,,
219/20/10 Trần Hưng Đạo,219/20/10 Trần Hưng Đạo,,,,
Phòng 12A04 toà BMC 422 Võ Văn Kiệt,Phòng 12A04 toà BMC 422 Võ Văn Kiệt,,,,
41 Mạc Đĩnh Chi,41 Mạc Đĩnh Chi,,,,
7 hồ hảo hớn,7 hồ hảo hớn,,,,
19c ho hao hon,19c ho hao hon,,,,
111 đề thám,111 đề thám,,,,
90 Trần Đình Xu,90 Trần Đình Xu,,,,
235 Trần Hưng Đạo,235 Trần Hưng Đạo,,,,
"27 Hồ Hảo Hớn, Hồ Chí Minh, Quận 1, Phường Cô Giang",27 Hồ Hảo Hớn,Phường Cô Giang,Quận 1,Hồ Chí Minh,
"Tòa Nhà MB Sunny Tower, Số 259, Trần Hưng Đạo, Phường Cô Giang, Quận",Tòa Nhà MB Sunny Tower - Số 259 - Trần Hưng Đạo,Phường Cô Giang,Quận,,
"MB Sunny, 259 Trần Hưng Đạo",MB Sunny - 259 Trần Hưng Đạo,,,,
"29 Nguyễn Khắc Nhu, toà nhà Thiên Nam",29 Nguyễn Khắc Nhu - toà nhà Thiên Nam,,,,
328 Võ Văn Kiệt,328 Võ Văn Kiệt,,,,
42/6 Trần Đình Xu,42/6 Trần Đình Xu,,,,
"370/28a Võ Văn Kiệt, phường Cô Giang, Quận 1, Thành phố Hồ Chí Minh, Việt Nam",370/28a Võ Văn Kiệt,phường Cô Giang,Quận 1,Thành phố Hồ Chí Minh,Việt Nam
42/3 Trần Đình Xu P Cô Giang,42/3 Trần Đình Xu P Cô Giang,,,,
"42/2 trần đình xu, p cô giang, q1, hcm",42/2 trần đình xu,p cô giang,q1,hcm,
"Tk 22/31 Nguyễn Cảnh Chân phường Cầu Kho, Phường Cầu Kho, Quận 1, TP. Hồ Chí Minh",Tk 22/31 Nguyễn Cảnh Chân phường Cầu Kho,Phường Cầu Kho,Quận 1,TP. Hồ Chí Minh,
"345/60/11 Trần Hưng Đạo, Phường Cầu Kho, Quận 1, TP. Hồ Chí Minh",345/60/11 Trần Hưng Đạo,Phường Cầu Kho,Quận 1,TP. Hồ Chí Minh,
"24/60 Nguyễn Văn Cừ, Phường Cầu Kho, Quận 1, TP. Hồ Chí Minh",24/60 Nguyễn Văn Cừ,Phường Cầu Kho,Quận 1,TP. Hồ Chí Minh,
"KKK ,  đã hd.gọi trước khi giao/19/ 37 trần đình su, phường cầu kho, quận 1 , thành phố hồ chí minh",KKK - đã hd.gọi trước khi giao/19/ 37 trần đình su,phường cầu kho,quận 1,thành phố hồ chí minh,
"Nguyễn Cảnh Chân tk17/35, Hồ Chí Minh, Quận 1, Phường Cầu Kho",Nguyễn Cảnh Chân tk17/35,Phường Cầu Kho,Quận 1,Hồ Chí Minh,
TK32/4 Nguyễn Cảnh Chân,TK32/4 Nguyễn Cảnh Chân,,,,
591/10 Trần Hưng Đạo p. cầu kho Quận 1,591/10 Trần Hưng Đạo,p. cầu kho Quận 1,,,
TK 11/5 Võ Văn Kiệt,TK 11/5 Võ Văn Kiệt,,,,
459/10 Trần Hưng Đạo,459/10 Trần Hưng Đạo,,,,
"tk 15/14 đg nguyễn cảnh chân , Phường Cầu Kho, Quận 1, Hồ Chí Minh",tk 15/14 đg nguyễn cảnh chân,Phường Cầu Kho,Quận 1,Hồ Chí Minh,
"530 Võ Văn Kiệt, Cầu Kho, Quận 1, Thành phố Hồ Chí Minh, Việt Nam",530 Võ Văn Kiệt - Cầu Kho,,Quận 1,Thành phố Hồ Chí Minh,Việt Nam
"TK15/49 Nguyễn Cảnh Chân, phường Cầu Kho, Quận 1, Phường Cầu Kho, Quận 1, TP. Hồ Chí Minh",TK15/49 Nguyễn Cảnh Chân,phường Cầu Kho,Quận 1,TP. Hồ Chí Minh,
462 Võ Văn Kiệt,462 Võ Văn Kiệt,,,,
TK19/20 Nguyễn Cảnh Chân,TK19/20 Nguyễn Cảnh Chân,,,,
TK21/47 Nguyễn Cảnh Chân Cầu Kho Quận 1,TK21/47 Nguyễn Cảnh Chân Cầu Kho Quận 1,,,,
"Số 4B Nguyễn Văn Cừ, Phường Cầu Kho, Quận 1, TP. Hồ Chí Minh",Số 4B Nguyễn Văn Cừ,Phường Cầu Kho,Quận 1,TP. Hồ Chí Minh,
"Tk 4/6 võ văn kiệt, Phường Cầu Kho, Quận 1, TP. Hồ Chí Minh",Tk 4/6 võ văn kiệt,Phường Cầu Kho,Quận 1,TP. Hồ Chí Minh,
"553/2 Đường Trần Hưng Đạo, phường Cầu Kho, Quận 1, Thành phố Hồ Chí Minh, Việt Nam",553/2 Đường Trần Hưng Đạo,phường Cầu Kho,Quận 1,Thành phố Hồ Chí Minh,Việt Nam
"457/5 Trần Hưng Đạo Phường Cầu Kho Quận 1, Hồ Chí Minh, Quận 1, Phường Cầu Kho",457/5 Trần Hưng Đạo Phường Cầu Kho Quận 1,Phường Cầu Kho,Quận 1,Hồ Chí Minh,
TK13/4 Hẻm Bến Chương Dương,TK13/4 Hẻm Bến Chương Dương,,,,
"TK28/49 Nguyễn Cảnh Chân, Phường Cầu Kho, Quận 1, Hồ Chí Minh",TK28/49 Nguyễn Cảnh Chân,Phường Cầu Kho,Quận 1,Hồ Chí Minh,
"518/33 Võ Văn Kiệt, phường Cầu Kho, quận 1",518/33 Võ Văn Kiệt,phường Cầu Kho,quận 1,,
511/31 Trần Hưng Đạo,511/31 Trần Hưng Đạo,,,,
37 Trần Đình Xu,37 Trần Đình Xu,,,,
"TK 26/4 Nguyễn Cảnh Chân, Cầu Kho, Quận 1, Hồ Chí Minh",TK 26/4 Nguyễn Cảnh Chân - Cầu Kho,,Quận 1,Hồ Chí Minh,
39/7 nguyễn cảnh chân,39/7 nguyễn cảnh chân,,,,
"TK28/49 Nguyễn Cảnh Chân, Phường Cầu Kho, Quận 1",TK28/49 Nguyễn Cảnh Chân,Phường Cầu Kho,Quận 1,,
TK10/7 Bến Chương Dương,TK10/7 Bến Chương Dương,,,,
524 Võ Văn Kiệt,524 Võ Văn Kiệt,,,,
TK12/9 võ văn kiệt (TK12/9 bến chương dương),TK12/9 võ văn kiệt (TK12/9 bến chương dương),,,,
65/5 Trần Đình Xu,65/5 Trần Đình Xu,,,,
24/30/6 NGUYỄN VĂN CỪ,24/30/6 NGUYỄN VĂN CỪ,,,,
Tk 34D/9 vo van kiet,Tk 34D/9 vo van kiet,,,,
"TK 21/28 Nguyễn Cảnh Chân, Phường Cầu Kho, Quận 1, Hồ Chí Minh",TK 21/28 Nguyễn Cảnh Chân,Phường Cầu Kho,Quận 1,Hồ Chí Minh,
"TK7/16 võ văn kiệt, Phường Cầu Kho, Quận 1, Hồ Chí Minh",TK7/16 võ văn kiệt,Phường Cầu Kho,Quận 1,Hồ Chí Minh,
tk1/11 trần hưng đạo,tk1/11 trần hưng đạo,,,,
Tk53/39 E  Võ Văn Kiệt Phường Cầu Kho Quận 1,Tk53/39 E  Võ Văn Kiệt Phường Cầu Kho Quận 1,,,,
"TK 22/31 Nguyễn Cảnh Chân-Hồ Chí Minh-Quận 1-Phường Cầu Kho,Hồ Chí Minh,Quận 1,Phường Cầu Kho",TK 22/31 Nguyễn Cảnh Chân-Hồ Chí Minh-Quận 1-Phường Cầu Kho,Phường Cầu Kho,Quận 1,Hồ Chí Minh,
"TK13/9 Trần Hưng Đạo ,Nguyễn Cảnh Chân",TK13/9 Trần Hưng Đạo - Nguyễn Cảnh Chân,,,,
"tk28/49 nguyễn cảnh chân,",tk28/49 nguyễn cảnh chân,,,,
2 Nguyễn Văn Cừ,2 Nguyễn Văn Cừ,,,,
TK 28/44 Nguyễn Cảnh Chân P. Cầu Kho Q1 HCM,TK 28/44 Nguyễn Cảnh Chân P. Cầu Kho Q1 HCM,,,,
59 Trần Đình Xu,59 Trần Đình Xu,,,,
31/6 C Trần Đình Xu,31/6 C Trần Đình Xu,,,,
"TK18/27 đường Nguyễn Cảnh Chân, Phường Cầu Kho, Quận 1, TP. Hồ Chí Minh",TK18/27 đường Nguyễn Cảnh Chân,Phường Cầu Kho,Quận 1,TP. Hồ Chí Minh,
"24/22/2 nguyễn Văn Cừ,P. Cầu Kho ,Q.1",24/22/2 nguyễn Văn Cừ,P. Cầu Kho,Q.1,,
Hẻm 553 trần hưng đạo phường cầu kho quận nhất (số nhà TK2/34),Hẻm 553 trần hưng đạo,phường cầu kho,quận nhất (số nhà TK2/34),,
"345/60/5 trần hưng đạo quận 1 phường cầu kho , tp hcm",345/60/5 trần hưng đạo quận 1 phường cầu kho,,,tp hcm,
"35b Trần Đình Xu, Cầu Kho, Quận 1, Thành phố Hồ Chí Minh, Vietnam",35b Trần Đình Xu - Cầu Kho,,Quận 1,Thành phố Hồ Chí Minh,Vietnam
457/29 trần hưng đạo,457/29 trần hưng đạo,,,,
"TK29/25, Nguyễn Cảnh Thân",TK29/25 - Nguyễn Cảnh Thân,,,,
15/18 Nguyễn Cảnh Chân,15/18 Nguyễn Cảnh Chân,,,,
Tk49/18 võ văn kiệt,Tk49/18 võ văn kiệt,,,,
459 trần hưng đạo,459 trần hưng đạo,,,,
Tk39/7 Nguyễn Cảnh Chân,Tk39/7 Nguyễn Cảnh Chân,,,,
518/55 võ văn kiệt,518/55 võ văn kiệt,,,,
"Trần Đình Xu 37/74, Hồ Chí Minh, Quận 1, Phường Cầu Kho",Trần Đình Xu 37/74,Phường Cầu Kho,Quận 1,Hồ Chí Minh,
505 TRẦN HƯNG ĐẠO,505 TRẦN HƯNG ĐẠO,,,,
Số nhà 518/21/35 võ văn kiệt,Số nhà 518/21/35 võ văn kiệt,,,,
19/43 Trần Đình Xu,19/43 Trần Đình Xu,,,,
"610 võ văn kiệtphu, Phường Cầu Kho, Quận 1, Thành phố Hồ Chí Minh",610 võ văn kiệtphu,Phường Cầu Kho,Quận 1,Thành phố Hồ Chí Minh,
"Hẻm 391 Trần Hưng Đạo, Cầu Kho, Quận 1, Thành phố Hồ Chí Minh",Hẻm 391 Trần Hưng Đạo - Cầu Kho,,Quận 1,Thành phố Hồ Chí Minh,
"518/33 Võ Văn Kiệt, Phường Cầu Kho, Quận 1, TP. Hồ Chí Minh",518/33 Võ Văn Kiệt,Phường Cầu Kho,Quận 1,TP. Hồ Chí Minh,
608 võ văn kiệt q1,608 võ văn kiệt q1,,,,
"võ văn kiệt  17/32, Hồ Chí Minh, Quận 1, Phường Cầu Kho",võ văn kiệt  17/32,Phường Cầu Kho,Quận 1,Hồ Chí Minh,
333 Trần Hưng Đạo,333 Trần Hưng Đạo,,,,
"573tk5/26 p.cầu kho trân hưng đạo q1, Hồ Chí Minh, Quận 1, Phường Cầu Kho",573tk5/26 p.cầu kho trân hưng đạo q1,Phường Cầu Kho,Quận 1,Hồ Chí Minh,
B14 lô B chung cư 518 Võ Văn Kiệt,B14 lô B chung cư 518 Võ Văn Kiệt,,,,
"C04bis, chung cư 518, võ văn kiệt",C04bis - chung cư 518 - võ văn kiệt,,,,
"555 Trần Hưng Đạo, Phường Cầu Kho, Quận 1, Tp.HCM",555 Trần Hưng Đạo,Phường Cầu Kho,Quận 1,Tp.HCM,
"553/2 Đường Trần Hưng Đạo, Cầu Kho, Quận 1, Thành phố Hồ Chí Minh, Việt Nam",553/2 Đường Trần Hưng Đạo - Cầu Kho,,Quận 1,Thành phố Hồ Chí Minh,Việt Nam
"TK25/8 Trần Hưng Đạo, cau kho ,Q1, Phường Cầu Kho, Quận 1, TP. Hồ Chí Minh",TK25/8 Trần Hưng Đạo - cau kho,Phường Cầu Kho,Q1,TP. Hồ Chí Minh,
526 Võ Văn Kiệt,526 Võ Văn Kiệt,,,,
"Hẻm Tk24, 24a/38 Nguyễn Cảnh Chân, Phường Cầu Kho, Quận 1, TP. Hồ Chí Minh",Hẻm Tk24 - 24a/38 Nguyễn Cảnh Chân,Phường Cầu Kho,Quận 1,TP. Hồ Chí Minh,
345/14 trần hưng đạo phường cầu kho quận 1,345/14 trần hưng đạo,phường cầu kho,quận 1,,
"459 trần hưng đạo, Hồ Chí Minh, Quận 1, Phường Cầu Kho",459 trần hưng đạo,Phường Cầu Kho,Quận 1,Hồ Chí Minh,
"Hẻm 391, nhà TK39/24, Trần Hưng Đạo",Hẻm 391 - nhà TK39/24 - Trần Hưng Đạo,,,,
"TK25/6 Trần Hưng đạo ( qeo Nguyễn cảnh chân .dau hẻm có nhà thuốc Hồng Hoa), Phường Cầu Kho, Quận 1, TP. Hồ Chí Minh",TK25/6 Trần Hưng đạo ( qeo Nguyễn cảnh chân .dau hẻm có nhà thuốc Hồng Hoa),Phường Cầu Kho,Quận 1,TP. Hồ Chí Minh,
11 tran đinh xu hẻm 19-21 p câu kho  q1,11 tran đinh xu hẻm 19-21 p câu kho  q1,,,,
"Trần Đình Xu, SN 15, Cầu Kho, Quận 1, Hồ Chính Minh",Trần Đình Xu - SN 15 - Cầu Kho - Hồ Chính Minh,,Quận 1,,
"604 Võ Văn Kiệt, Cầu Kho, Quận 1",604 Võ Văn Kiệt - Cầu Kho,,Quận 1,,
TK 39/38 Nguyễn Cảnh Chân phường Cầu Kho quận 1 tphcm,TK 39/38 Nguyễn Cảnh Chân,phường Cầu Kho,quận 1 t,hcm,
45-47 Trần Đình Xu,45-47 Trần Đình Xu,,,,
"Tk18/20 Nguyễn Cảnh Chân, Phường Cầu Kho, Quận 1._x005F_x000D_
0345.543.454",Tk18/20 Nguyễn Cảnh Chân,Phường Cầu Kho,"Quận 1._x005F_x000D_
0345.543.454",,
339B lầu 1 Ng Cảnh Chân P . Cầu kho Q1 TpHCM,339B lầu 1 Ng Cảnh Chân P . Cầu kho Q1 TpHCM,,,,
35/23 trần đình xu,35/23 trần đình xu,,,,
"35/9Bis Trần Đình Xu Phường Cầu Kho Quận 1,Hồ Chí Minh,Quận 1,Phường Cầu Kho",35/9Bis Trần Đình Xu Phường Cầu Kho Quận 1,Phường Cầu Kho,Quận 1,Hồ Chí Minh,
"35/83D Trần Đình Xu (hoặc 35/83C), Phường Cầu Kho, Quận 1, TP. Hồ Chí Minh",35/83D Trần Đình Xu (hoặc 35/83C),Phường Cầu Kho,Quận 1,TP. Hồ Chí Minh,
"2a nguyễn văn cừ quận 1, Phường Cầu Kho",2a nguyễn văn cừ quận 1,Phường Cầu Kho,,,
"455-457 Trần Hưng Đạo, phường Cầu Kho",455-457 Trần Hưng Đạo,phường Cầu Kho,,,
TK28/55 nguyễn cãnh chân,TK28/55 nguyễn cãnh chân,,,,
tk29/12 nguyễn cảnh chân phường cầu kho quận 1 tphcm,tk29/12 nguyễn cảnh chân,phường cầu kho,quận 1,tphcm,
"TK 8/13 ĐƯỜNG TRẦN HƯNG ĐẠO QUẬN 1,Hồ Chí Minh,Quận 1,Phường Cầu Kho",TK 8/13 ĐƯỜNG TRẦN HƯNG ĐẠO QUẬN 1,Phường Cầu Kho,Quận 1,Hồ Chí Minh,
"TK2/22 TRần Hưng Đạo, Phường Cầu Kho, Q1, HCM",TK2/22 TRần Hưng Đạo,Phường Cầu Kho,Q1,HCM,
TK33/19 Nguyen Canh Chan,TK33/19 Nguyen Canh Chan,,,,
144 lê thị hồng gấm,144 lê thị hồng gấm,,,,
135/21 Trần Hưng Đạo,135/21 Trần Hưng Đạo,,,,
"Chào em, lấy chị 3 kg vải sấy 182/5A Đề Thám, p. Cầu Ông lãnh, quận 1. 0909996074 Cám ơn em.",Chào em - lấy chị 3 kg vải sấy 182/5A Đề Thám,p. Cầu Ông lãnh,quận 1. 0909996074 Cám ơn em.,,
182/4/9 Đề Thám,182/4/9 Đề Thám,,,,
"yersin 9, Hồ Chí Minh, Quận 1, Phường Cầu Ông Lãnh",yersin 9,Phường Cầu Ông Lãnh,Quận 1,Hồ Chí Minh,
"109-205 Nguyễn Thái Học, Cầu Ông Lãnh, Quận 1, Thành phố Hồ Chí Minh, Việt Nam",109-205 Nguyễn Thái Học - Cầu Ông Lãnh,,Quận 1,Thành phố Hồ Chí Minh,Việt Nam
"61/29 CÔ GIANG QUẬN 1, Phường Cầu Ông Lãnh, Quận 1, TP. Hồ Chí Minh",61/29 CÔ GIANG QUẬN 1,Phường Cầu Ông Lãnh,Quận 1,TP. Hồ Chí Minh,
41/25e cô Giang,41/25e cô Giang,,,,
"148S Đường Đề Thám, Phường Cầu Ông Lãnh, Quận 1, TP. Hồ Chí Minh",148S Đường Đề Thám,Phường Cầu Ông Lãnh,Quận 1,TP. Hồ Chí Minh,
"61/29 Cô Giang, Phường Cầu Ông Lãnh, Quận 1, Hồ Chí Minh",61/29 Cô Giang,Phường Cầu Ông Lãnh,Quận 1,Hồ Chí Minh,
"73 Nguyễn Thái học phường Cầu Ông Lãnh, q1 tphcm giúp mình nha",73 Nguyễn Thái học phường Cầu Ông Lãnh,,q1 tphcm giúp mình nha,,
99 Trần Hưng Đạo/Quận 1/TP.Hồ Chí Minh/Việt Nam,99 Trần Hưng Đạo/Quận 1/TP.Hồ Chí Minh/Việt Nam,,,,
"61/25 Cô Giang, phường cầu ông lãnh, q1,tphcm",61/25 Cô Giang,phường cầu ông lãnh,q1,tphcm,
"15 co bac, Hồ Chí Minh, Quận 1, Phường Cầu Ông Lãnh",15 co bac,Phường Cầu Ông Lãnh,Quận 1,Hồ Chí Minh,
562 cô bắc,562 cô bắc,,,,
"40 Nguyễn Thái học, phương cầu ông lãnh quận 1.",40 Nguyễn Thái học,phương cầu ông lãnh quận 1.,,,
15/36 cô bắc,15/36 cô bắc,,,,
"371 Nguyễn Công Trứ, Cầu Ông Lãnh, Quận 1, Hồ Chí Minh",371 Nguyễn Công Trứ - Cầu Ông Lãnh,,Quận 1,Hồ Chí Minh,
196/12 đề thám,196/12 đề thám,,,,
371 nguyễn công trứ quận 1,371 nguyễn công trứ,,quận 1,,
"Đề Thám 200, Hồ Chí Minh, Quận 1, Phường Cầu Ông Lãnh",Đề Thám 200,Phường Cầu Ông Lãnh,Quận 1,Hồ Chí Minh,
"182/5A Đề Thám, p. Cầu Ông lãnh, quận 1, tp hcm",182/5A Đề Thám,p. Cầu Ông lãnh,quận 1,tp hcm,
61/27 cô giang,61/27 cô giang,,,,
"148 đề thám, Phường Cầu Ông Lãnh, Quận 1, Hồ Chí Minh",148 đề thám,Phường Cầu Ông Lãnh,Quận 1,Hồ Chí Minh,
"82 nguyễn thái học p. Cầu ông lãnh q1, tp hcm Phường Cầu Ông Lãnh Quận 1 Hồ Chí Minh",82 nguyễn thái học p. Cầu ông lãnh q1 - tp hcm Phường Cầu Ông Lãnh Quận 1 Hồ Chí Minh,,,,
"11 Cô Bắc, Phường Cầu Ông Lãnh, Quận 1, Thành phố Hồ Chí Minh 70000, Vietnam",11 Cô Bắc - Thành phố Hồ Chí Minh 70000,Phường Cầu Ông Lãnh,Quận 1,,Vietnam
"17 nguyễn thái học, phường cầu ông lãnh quận 1",17 nguyễn thái học,phường cầu ông lãnh quận 1,,,
82A Nguyễn Thái Học,82A Nguyễn Thái Học,,,,
182/54 Đề Thám,182/54 Đề Thám,,,,
2 Phan Văn Trường,2 Phan Văn Trường,,,,
"15/61 Cô Bắc,  Phường Cầu Ông Lãnh,  Quận 1",15/61 Cô Bắc,Phường Cầu Ông Lãnh,Quận 1,,
182/52 Đề Thám Quận1,182/52 Đề Thám Quận1,,,,
121 Lê Thị Hồng Gấm,121 Lê Thị Hồng Gấm,,,,
"232/42 Võ Văn Kiệt,P Cầu Ông Lãnh,Q1 hồ chí minh",232/42 Võ Văn Kiệt,P Cầu Ông Lãnh,Q1 hồ chí minh,,
49 cô giang,49 cô giang,,,,
11 cô bắc .kế bên có cái hẻm quẹo vào chạy thẳng nhìn bên tay trái thấy số 383 là đến,11 cô bắc .kế bên có cái hẻm quẹo vào chạy thẳng nhìn bên tay trái thấy số 383 là đến,,,,
"15/61 Cô Bắc, Phường Cầu Ông Lãnh, Quận 1, Thành phố Hồ Chí Minh, Việt Nam",15/61 Cô Bắc,Phường Cầu Ông Lãnh,Quận 1,Thành phố Hồ Chí Minh,Việt Nam
41/26 Cô Giang Phường Cầu Ông Lãnh Quận 1,41/26 Cô Giang Phường Cầu Ông Lãnh Quận 1,,,,
3/3 đường Phan Văn Trường,3/3 đường Phan Văn Trường,,,,
"43 nguyễn thái học, quận1",43 nguyễn thái học,,quận1,,
"196/5 đề thám, Phường Cầu Ông Lãnh, Quận 1, Hồ Chí Minh",196/5 đề thám,Phường Cầu Ông Lãnh,Quận 1,Hồ Chí Minh,
"135/24 Trần Hưng Đạo, Hồ Chí Minh, Quận 1, Phường Cầu Ông Lãnh",135/24 Trần Hưng Đạo,Phường Cầu Ông Lãnh,Quận 1,Hồ Chí Minh,
"6A Đề Thám, Phường Cầu Ông Lãnh, Quận 1, TP. Hồ Chí Minh",6A Đề Thám,Phường Cầu Ông Lãnh,Quận 1,TP. Hồ Chí Minh,
Ktx 135 Trần Hưng Đạo Quận 1,Ktx 135 Trần Hưng Đạo Quận 1,,,,
"135/40 Trần Hưng Đạo, Phường Cầu Ông Lãnh, Quận 1, Hồ Chí Minh",135/40 Trần Hưng Đạo,Phường Cầu Ông Lãnh,Quận 1,Hồ Chí Minh,
390 Nguyễn Công Trứ,390 Nguyễn Công Trứ,,,,
234 Nguyễn thái học,234 Nguyễn thái học,,,,
182/23 đề thám phường cầu ông lãnh,182/23 đề thám,phường cầu ông lãnh,,,
ktx 135b trần hưng đạo,ktx 135b trần hưng đạo,,,,
"27 Cô Giang, Phường Cầu Ông Lãnh, Quận 1, TP. Hồ Chí Minh",27 Cô Giang,Phường Cầu Ông Lãnh,Quận 1,TP. Hồ Chí Minh,
Đình Nhơn Hoà,Đình Nhơn Hoà,,,,
6/5 Đề Thám P Cầu Ông Lãnh Q1,6/5 Đề Thám P Cầu Ông Lãnh Q1,,,,
150 lê thị hồng gấm,150 lê thị hồng gấm,,,,
"6 Đề Thám, Cầu Ông Lãnh, Quận 1, Thành phố Hồ Chí Minh, Việt Nam",6 Đề Thám - Cầu Ông Lãnh,,Quận 1,Thành phố Hồ Chí Minh,Việt Nam
"166 Chợ Cầu Muối, Phường Cầu Ông Lãnh, Phường Cầu Ông Lãnh, Quận 1, TP. Hồ Chí Minh",166 Chợ Cầu Muối,Phường Cầu Ông Lãnh,Quận 1,TP. Hồ Chí Minh,
"19 Yersin, Phường Cầu Ông Lãnh, Quận 1, Tphcm",19 Yersin,Phường Cầu Ông Lãnh,Quận 1,Tphcm,
58-60 Nguyễn Thái Học,58-60 Nguyễn Thái Học,,,,
10 Cô Giang (Cty SPT),10 Cô Giang (Cty SPT),,,,
101 trần hưng  đạo,101 trần hưng  đạo,,,,
135/56 Trần Hưng Đạo,135/56 Trần Hưng Đạo,,,,
95a trận hưng đạo,95a trận hưng đạo,,,,
179 chợ cầu muối đường nguyễn thái học,179 chợ cầu muối đường nguyễn thái học,,,,
"111 Trần Hưng Đạo, Phường Cầu Ông Lãnh, Quận 1, TP. Hồ Chí Minh",111 Trần Hưng Đạo,Phường Cầu Ông Lãnh,Quận 1,TP. Hồ Chí Minh,
180 Võ Văn Kiệt,180 Võ Văn Kiệt,,,,
107 Nguyễn Thái Học,107 Nguyễn Thái Học,,,,
"Số 113, Đường Lê Thị Hồng Gấm",Số 113 - Đường Lê Thị Hồng Gấm,,,,
"21/6 Trịnh Văn Cấn, Cầu Ông Lãnh, Quận 1, Thành phố Hồ Chí Minh, Việt Nam",21/6 Trịnh Văn Cấn - Cầu Ông Lãnh,,Quận 1,Thành phố Hồ Chí Minh,Việt Nam
135b tran hung dao,135b tran hung dao,,,,
"190-192 Võ Văn Kiệt, Phường Cầu Ông Lãnh, Quận 1, Hồ Chí Minh",190-192 Võ Văn Kiệt,Phường Cầu Ông Lãnh,Quận 1,Hồ Chí Minh,
"KTX ĐH Kinh Tế, hẻm 135 Trần Hưng Đạo",KTX ĐH Kinh Tế - hẻm 135 Trần Hưng Đạo,,,,
"45, 11B Phạm Viết Chánh, Nguyễn Cư Trinh, Quận 1, Thành phố Hồ Chí Minh, Việt Nam",45 - 11B Phạm Viết Chánh - Nguyễn Cư Trinh,,Quận 1,Thành phố Hồ Chí Minh,Việt Nam
"214b/c34 nguyen trai phuong nguyen cu trinh q1, Hồ Chí Minh, Quận 1, Phường Nguyễn Cư Trinh",214b/c34 nguyen trai phuong nguyen cu trinh q1,Phường Nguyễn Cư Trinh,Quận 1,Hồ Chí Minh,
"A27B, Cống Quỳnh (giao trước 15h)",A27B - Cống Quỳnh (giao trước 15h),,,,
233/4 NGUYỄN TRÃI,233/4 NGUYỄN TRÃI,,,,
333 Nguyễn Trãi,333 Nguyễn Trãi,,,,
"19/1tran hung dao quan mot, tp hcm",19/1tran hung dao quan mot,,,tp hcm,
"47a Phạm Viết Chánh, Phường Nguyễn Cư Trinh, Quận 1, TP. Hồ Chí Minh",47a Phạm Viết Chánh,Phường Nguyễn Cư Trinh,Quận 1,TP. Hồ Chí Minh,
"214/C72B Nguyễn Trãi, phường Nguyễn Cư Trinh, quận 1, Phường Nguyễn Cư Trinh, Quận 1, TP. Hồ Chí Minh",214/C72B Nguyễn Trãi,phường Nguyễn Cư Trinh,quận 1,TP. Hồ Chí Minh,
"Thuý Phương, 119 Nguyễn Cư Trinh, Q1,",Thuý Phương - 119 Nguyễn Cư Trinh,,Q1,,
"229 nguyễn trãi, Phường nguyễn cư trinh Q1",229 nguyễn trãi,Phường nguyễn cư trinh Q1,,,
"Lô B2 Chung Cư 189B Cống Quỳnh, Hẻm 191/A1 Cống Quỳnh, Phường Nguyễn Cư Trinh, Quận 1, TP. Hồ Chí Minh",Lô B2 Chung Cư 189B Cống Quỳnh - Hẻm 191/A1 Cống Quỳnh,Phường Nguyễn Cư Trinh,Quận 1,TP. Hồ Chí Minh,
"134 trần hưng đạo, Hồ Chí Minh, Quận 1, Phường Nguyễn Cư Trinh",134 trần hưng đạo,Phường Nguyễn Cư Trinh,Quận 1,Hồ Chí Minh,
284 Cống quỳnh ( Bệnh viện Từ Dũ ),284 Cống quỳnh ( Bệnh viện Từ Dũ ),,,,
"235 nguyễn văn cừ, phường nguyễn cư trinh, quận 1, tp hồ chí minh",235 nguyễn văn cừ - tp hồ chí minh,phường nguyễn cư trinh,quận 1,,
B45 Nguyễn Trãi (đầu hẻm B55 Vé Máy Bay),B45 Nguyễn Trãi (đầu hẻm B55 Vé Máy Bay),,,,
258 nguyễn trãi,258 nguyễn trãi,,,,
"200 Nguyễn Cư Trinh,phường Nguyễn Cư Trinh,quận 1",200 Nguyễn Cư Trinh,phường Nguyễn Cư Trinh,quận 1,,
245 Nguyễn trãi q1,245 Nguyễn trãi q1,,,,
"Hẻm 245 Nguyễn Trãi, phường Nguyễn Cư Trinh, quận 1, Hồ Chí Minh, Quận 1, Phường Nguyễn Cư Trinh",Hẻm 245 Nguyễn Trãi,phường Nguyễn Cư Trinh,quận 1,Hồ Chí Minh,
74C Nguyễn Văn Cừ,74C Nguyễn Văn Cừ,,,,
269f/6 nguyễn trãi p. Nguyễn cư trinh q1,269f/6 nguyễn trãi,p. Nguyễn cư trinh q1,,,
"385C Nguyễn Trãi, Phường Nguyễn Cư Trinh, Q1, Tp.HCM (vào hẻm 373 Nguyễn Trãi).",385C Nguyễn Trãi - Tp.HCM (vào hẻm 373 Nguyễn Trãi).,Phường Nguyễn Cư Trinh,Q1,,
236/10 Nguyễn Trãi P Nguyễn Cư Trinh Q1,236/10 Nguyễn Trãi P Nguyễn Cư Trinh Q1,,,,
"258 Nguyễn Trãi, Phường Nguyễn Cư Trinh, Quận 1, Thành phố Hồ Chí Minh, Vietnam",258 Nguyễn Trãi,Phường Nguyễn Cư Trinh,Quận 1,Thành phố Hồ Chí Minh,Vietnam
69 Nguyễn Cư Trinh,69 Nguyễn Cư Trinh,,,,
"7 Cao Bá Nhạ, Nguyễn Cư Trinh, Quận 1, Thành phố Hồ Chí Minh, Việt Nam",7 Cao Bá Nhạ - Nguyễn Cư Trinh,,Quận 1,Thành phố Hồ Chí Minh,Việt Nam
264 Trần Hưng Đạo,264 Trần Hưng Đạo,,,,
"212/2B Nguyễn Trãi (Vào hẻm 212B - đầu hẻm có Head Honda, nhà góc ngã 3 bên tay trái, kế bên quán The Joi Coffee), Phường Nguyễn Cư Trinh, Quận 1, TP. Hồ Chí Minh",212/2B Nguyễn Trãi (Vào hẻm 212B - đầu hẻm có Head Honda - nhà góc ngã 3 bên tay trái - kế bên quán The Joi Coffee),Phường Nguyễn Cư Trinh,Quận 1,TP. Hồ Chí Minh,
218 Trần Hưng đạo quận nhất phường Nguyễn cư trinh,218 Trần Hưng đạo quận nhất,,quận nhất phường Nguyễn cư trinh,,
"245/87/20 Nguyễn Trãi, Phường Nguyễn Cư Trinh, Quận 1, TP. Hồ Chí Minh",245/87/20 Nguyễn Trãi,Phường Nguyễn Cư Trinh,Quận 1,TP. Hồ Chí Minh,
"229 Nguyễn Trãi, Phường Nguyễn Cư Trinh, Quận 1, TP. Hồ Chí Minh",229 Nguyễn Trãi,Phường Nguyễn Cư Trinh,Quận 1,TP. Hồ Chí Minh,
236/10 Nguyễn Trãi ( An Nhiên Homestay ),236/10 Nguyễn Trãi ( An Nhiên Homestay ),,,,
"73/2 Nguyễn Cư Trinh, Quận 1, Hồ Chí Minh, Việt Nam",73/2 Nguyễn Cư Trinh,,Quận 1,Hồ Chí Minh,Việt Nam
"Hẻm 245 Nguyễn Trãi, p. Nguyễn Cư Trinh, Quận 1, HCM",Hẻm 245 Nguyễn Trãi,p. Nguyễn Cư Trinh,Quận 1,HCM,
"185 187 nguyễn cư trinh, phường nguyễn cư trinh q1",185 187 nguyễn cư trinh,phường nguyễn cư trinh q1,,,
"223/2g Phạm Viết Chánh, Phường Nguyễn Cư Trinh, Quận 1, Hồ Chí Minh",223/2g Phạm Viết Chánh,Phường Nguyễn Cư Trinh,Quận 1,Hồ Chí Minh,
373B nguyễn trãi . Nguyễn cư trinh . Quận 1,373B nguyễn trãi . Nguyễn cư trinh . Quận 1,,,,
33 NGUYEN DU,33 NGUYEN DU,,,,
"124A Trần Đình Xu, Phường Nguyễn Cư Trinh, Quận 1, Thành phố Hồ Chí Minh, Việt Nam",124A Trần Đình Xu,Phường Nguyễn Cư Trinh,Quận 1,Thành phố Hồ Chí Minh,Việt Nam
Số nhà 235 Nguyễn Văn Cừ,Số nhà 235 Nguyễn Văn Cừ,,,,
235 Nguyễn Văn Cừ,235 Nguyễn Văn Cừ,,,,
"Quán màu vàng 341/1 Nguyễn Trãi, chạy thẳng vào hẻm căn nhà đầu tiên màu vàng",chạy thẳng vào hẻm căn nhà đầu tiên màu vàng,,Quán màu vàng 341/1 Nguyễn Trãi,,
235 nguyễn cư trinh,235 nguyễn cư trinh,,,,
"212b/20 nguyen trai _x005F_x000D_
Phường Nguyễn Cư Trinh, Quận 1, Thành phố Hồ Chí Minh","212b/20 nguyen trai _x005F_x000D_
Phường Nguyễn Cư Trinh",,Quận 1,Thành phố Hồ Chí Minh,
212b/c35 nguyễn trãi,212b/c35 nguyễn trãi,,,,
"212b/60 Nguyễn Trãi, Hồ Chí Minh, Quận 1, Phường Nguyễn Cư Trinh",212b/60 Nguyễn Trãi,Phường Nguyễn Cư Trinh,Quận 1,Hồ Chí Minh,
214/c66c nguyễn trãi,214/c66c nguyễn trãi,,,,
137/93 Tran Dinh Xu,137/93 Tran Dinh Xu,,,,
129 cống quỳnh,129 cống quỳnh,,,,
189B/A30 Cống Quỳnh,189B/A30 Cống Quỳnh,,,,
212B/D1A Nguyễn Trãi (tiệm tóc Dương gần Ốc Đào),212B/D1A Nguyễn Trãi (tiệm tóc Dương gần Ốc Đào),,,,
"B1.6  c/c 203 Nguyễn Trãi, Phường Nguyễn Cư Trinh, Quận 1, Hồ Chí Minh",B1.6  c/c 203 Nguyễn Trãi,Phường Nguyễn Cư Trinh,Quận 1,Hồ Chí Minh,
"137/19/3 trần đình xu q1 phường nguyễn cư trinh, Phường Nguyễn Cư Trinh, Quận 1, Thành phố Hồ Chí Minh",137/19/3 trần đình xu q1 phường nguyễn cư trinh,Phường Nguyễn Cư Trinh,Quận 1,Thành phố Hồ Chí Minh,
"196A Nguyen Cu Trinh , phường nguyen cu trinh, quận 1",196A Nguyen Cu Trinh,phường nguyen cu trinh,quận 1,,
385C Nguyễn Trải,385C Nguyễn Trải,,,,
214b/b5 bis nguyễn trãi,214b/b5 bis nguyễn trãi,,,,
"Nguyễn Cư Trinh, Quận 1, Thành phố Hồ Chí Minh, Việt Nam",Nguyễn Cư Trinh,,Quận 1,Thành phố Hồ Chí Minh,Việt Nam
Chung cu 189B Cong Quynh,Chung cu 189B Cong Quynh,,,,
"Lô C2, chung cư 212 Nguyễn Trãi, phường Nguyễn Cư Trinh, Quận 1,",Lô C2 - chung cư 212 Nguyễn Trãi,phường Nguyễn Cư Trinh,Quận 1,,
"214/C42/1b Nguyễn Trãi,p.nguyễn cư trinh,q1, Phường Nguyễn Cư Trinh, Quận 1, TP. Hồ Chí Minh",214/C42/1b Nguyễn Trãi,p.nguyễn cư trinh,q1,TP. Hồ Chí Minh,
Lô C - Chung cư 212 Nguyễn Trãi,Lô C - Chung cư 212 Nguyễn Trãi,,,,
10 Nguyễn Cảnh Chân,10 Nguyễn Cảnh Chân,,,,
120 Trần Đình Xu q1 ( begin coffe ),120 Trần Đình Xu q1 ( begin coffe ),,,,
"245/10B Nguyễn Trãi, Phường Nguyễn Cư Trinh, Quận 1, TP. Hồ Chí Minh",245/10B Nguyễn Trãi,Phường Nguyễn Cư Trinh,Quận 1,TP. Hồ Chí Minh,
74 nguyễn văn cừ p.nguyễn cư trinh Q.1,74 nguyễn văn cừ,p.nguyễn cư trinh Q.1,,,
"168 Trần Đình Xu, P.Nguyễn Cư Trinh, Quận 1 , TP.HCM",168 Trần Đình Xu,P.Nguyễn Cư Trinh,Quận 1,TP.HCM,
"Lầu 1, 245/13 Nguyễn Trãi, Phường Nguyễn Cư Trinh, Quận 1, TP. Hồ Chí Minh",Lầu 1 - 245/13 Nguyễn Trãi,Phường Nguyễn Cư Trinh,Quận 1,TP. Hồ Chí Minh,
254 Trần Hưng Đạo,254 Trần Hưng Đạo,,,,
"269C Đường Nguyễn Trãi, Nguyễn Cư Trinh, Quận 1, Hồ Chí Minh, Việt Nam",269C Đường Nguyễn Trãi - Nguyễn Cư Trinh,,Quận 1,Hồ Chí Minh,Việt Nam
245/87/40 nguyễn trãi,245/87/40 nguyễn trãi,,,,
Chung cu 189C Cong quynh,Chung cu 189C Cong quynh,,,,
7 phạm viết chánh,7 phạm viết chánh,,,,
"266 trần hưng đạo, p. Nguyễn cư Trinh, quận 1",266 trần hưng đạo,p. Nguyễn cư Trinh,quận 1,,
25/29 cống quỳnh,25/29 cống quỳnh,,,,
Hẻm 191 A8bis Cống Quỳnh,Hẻm 191 A8bis Cống Quỳnh,,,,
269/2 Nguyễn Trãi,269/2 Nguyễn Trãi,,,,
"245/79/22 Nguyễn trãi p nguyễn cư trình Q1 hcm ĐT:0909369225, Hồ Chí Minh, Quận 1, Phường Nguyễn Cư Trinh",245/79/22 Nguyễn trãi p nguyễn cư trình Q1 hcm ĐT:0909369225,Phường Nguyễn Cư Trinh,Quận 1,Hồ Chí Minh,
Quán Ốc đào hẻm 212B/C8A,Quán Ốc đào hẻm 212B/C8A,,,,
"115/48 Trần Đình Xu phường Nguyễn Cư Trinh Quận 1, Phường Nguyễn Cư Trinh, Quận 1, TP. Hồ Chí Minh",115/48 Trần Đình Xu phường Nguyễn Cư Trinh Quận 1,Phường Nguyễn Cư Trinh,Quận 1,TP. Hồ Chí Minh,
258/29 Trần Hưng Đạo,258/29 Trần Hưng Đạo,,,,
Ship 119 nguyễn cư trinh q1,Ship 119 nguyễn cư trinh q1,,,,
214B/C40 Nguyễn Trãi (nhà kế bên Tiệm giặt ủi BiBi),214B/C40 Nguyễn Trãi (nhà kế bên Tiệm giặt ủi BiBi),,,,
"45/10 Phạm Viết Chánh, Phường Nguyễn Cư Trinh, Quận 1, TP. Hồ Chí Minh",45/10 Phạm Viết Chánh,Phường Nguyễn Cư Trinh,Quận 1,TP. Hồ Chí Minh,
"137/29/16 Trần Đình Xu, Phường Nguyễn Cư Trinh, Quận 1, TP. Hồ Chí Minh",137/29/16 Trần Đình Xu,Phường Nguyễn Cư Trinh,Quận 1,TP. Hồ Chí Minh,
"212b/c2, Phường Nguyễn Cư Trinh, Quận 1, TP. Hồ Chí Minh",212b/c2,Phường Nguyễn Cư Trinh,Quận 1,TP. Hồ Chí Minh,
83 Nguyễn Cư Trinh,83 Nguyễn Cư Trinh,,,,
"189 Cống Quỳnh, Q1, Tp.HCM",189 Cống Quỳnh,,Q1,Tp.HCM,
"189C CỐNG QUỲNH,Hồ Chí Minh,Quận 1,Phường Nguyễn Cư Trinh",189C CỐNG QUỲNH,Phường Nguyễn Cư Trinh,Quận 1,Hồ Chí Minh,
"235B/A11/17, Phường Nguyễn Cư Trinh, Quận 1, TP. Hồ Chí Minh",235B/A11/17,Phường Nguyễn Cư Trinh,Quận 1,TP. Hồ Chí Minh,
212B/C6/8 nguyễn trãi,212B/C6/8 nguyễn trãi,,,,
"Siêu thị Hà Nội, 187 Cống Quỳnh",Siêu thị Hà Nội - 187 Cống Quỳnh,,,,
A43 cống quỳnh p. nguyễn cư trình quận 1 tp Hồ Chí Minh,A43 cống quỳnh,p. nguyễn cư trình,quận 1 tp Hồ Chí Minh,,
"Trung ương hội chữ thập đỏ, Nguyễn Thị Minh Khai, Phường Nguyễn Cư Trinh, Quận 1, Thành phố Hồ Chí Minh",Trung ương hội chữ thập đỏ - Nguyễn Thị Minh Khai,Phường Nguyễn Cư Trinh,Quận 1,Thành phố Hồ Chí Minh,
71 Nguyễn Cư Trinh,71 Nguyễn Cư Trinh,,,,
203 Nguyễn Trãi,203 Nguyễn Trãi,,,,
"45 nguyễn cảnh chân, p nguyễn cư trinh,Q.1",45 nguyễn cảnh chân,p nguyễn cư trinh,Q.1,,
51 Nguyễn Cư Trinh,51 Nguyễn Cư Trinh,,,,
"Đc B45 Nguyễn trãi p nguyễn cư trinh q1 hcm_x005F_x000D_
Phường Nguyễn Cư Trinh, Quận 1, Thành phố Hồ Chí Minh","Đc B45 Nguyễn trãi p nguyễn cư trinh q1 hcm_x005F_x000D_
Phường Nguyễn Cư Trinh",,Quận 1,Thành phố Hồ Chí Minh,
"Hẻm 212B Nguyễn Trãi, Phường Nguyễn Cư Trinh, Quận 1, Thành phố Hồ Chí Minh, Việt Nam",Hẻm 212B Nguyễn Trãi,Phường Nguyễn Cư Trinh,Quận 1,Thành phố Hồ Chí Minh,Việt Nam
122A Trần đình xu,122A Trần đình xu,,,,
245/65/2 nguyễn trãi,245/65/2 nguyễn trãi,,,,
214/b16 Nguyễn Trãi,214/b16 Nguyễn Trãi,,,,
212b/58 Nguyễn Trãi,212b/58 Nguyễn Trãi,,,,
"Hẻm 214B Nguyễn Trãi - Văn phòng Công chứng Trần Quốc Phòng (tên cũ Gia Định), Phường Nguyễn Cư Trinh, Quận 1, TP. Hồ Chí Minh",Hẻm 214B Nguyễn Trãi - Văn phòng Công chứng Trần Quốc Phòng (tên cũ Gia Định),Phường Nguyễn Cư Trinh,Quận 1,TP. Hồ Chí Minh,
"57 Phạm Viết Chánh, Phường Nguyễn Cư Trinh, Quận 1, Thành phố Hồ Chí Minh, Vietnam",57 Phạm Viết Chánh,Phường Nguyễn Cư Trinh,Quận 1,Thành phố Hồ Chí Minh,Vietnam
"214/B16 Nguyễn Trãi, p Nguyễn Cư Trinh, Q1, Phường Nguyễn Cư Trinh, Quận 1, TP. Hồ Chí Minh",214/B16 Nguyễn Trãi,p Nguyễn Cư Trinh,Q1,TP. Hồ Chí Minh,
"212b/74 nguyễn trãi, Phường Nguyễn Cư Trinh, Quận 1, TP. Hồ Chí Minh",212b/74 nguyễn trãi - TP. Hồ Chí Minh,Phường Nguyễn Cư Trinh,Quận 1,,
137/14 Trần Đình Xu,137/14 Trần Đình Xu,,,,
"268 Trần Hưng Đạo, phường Nguyễn Cư Trinh, Quận 1 (cổng số 1, kế bên 266, đối diện Nguyễn Cảnh Chân)",268 Trần Hưng Đạo - kế bên 266 - đối diện Nguyễn Cảnh Chân),phường Nguyễn Cư Trinh,Quận 1 (cổng số 1,,
"A22, Hẽm 191 Cống Quỳnh, Phường Nguyễn Cư Trinh, Quận 1, TP. Hồ Chí Minh",A22 - Hẽm 191 Cống Quỳnh,Phường Nguyễn Cư Trinh,Quận 1,TP. Hồ Chí Minh,
"262 Trần Hưng Đạo, Nguyễn Cư Trinh, Quận 1, Thành phố Hồ Chí Minh, Vietnam",262 Trần Hưng Đạo - Nguyễn Cư Trinh,,Quận 1,Thành phố Hồ Chí Minh,Vietnam
"137/14 Nguyễn Cư Trinh, Phường Nguyễn Cư Trinh, Quận 1, Thành phố Hồ Chí Minh, Việt Nam",137/14 Nguyễn Cư Trinh,Phường Nguyễn Cư Trinh,Quận 1,Thành phố Hồ Chí Minh,Việt Nam
"Tòa nhà Royal A, 235 Nguyễn Văn Cừ",Tòa nhà Royal A - 235 Nguyễn Văn Cừ,,,,
115/52 trần đình xu,115/52 trần đình xu,,,,
"Nhà Đối Diện 103/2 Trần Đình Xu, Phường Nguyễn Cư Trinh, Quận 1, TP. Hồ Chí Minh",Nhà Đối Diện 103/2 Trần Đình Xu,Phường Nguyễn Cư Trinh,Quận 1,TP. Hồ Chí Minh,
125 trần đình xu,125 trần đình xu,,,,
"Chị phan kiều linh, 115/84 Trần Đình Xu, p. Nguyễn Cư Trinh Q1, tphcm_x005F_x000D_
",Chị phan kiều linh - 115/84 Trần Đình Xu - tphcm_x005F_x000D_,p. Nguyễn Cư Trinh Q1,,,
212B/C2 nguyễn trãi,212B/C2 nguyễn trãi,,,,
"214/B1E Nguyễn trãi, phường nguyễn cư trinh,Q1",214/B1E Nguyễn trãi,phường nguyễn cư trinh,Q1,,
"Chung cư, Cống Quỳnh, Nguyễn Cư Trinh, Quận 1, Thành phố Hồ Chí Minh, Việt Nam",Chung cư - Cống Quỳnh - Nguyễn Cư Trinh,,Quận 1,Thành phố Hồ Chí Minh,Việt Nam
119 nguyễn cư trinh,119 nguyễn cư trinh,,,,
"122/12 trần đình xu, Phường Nguyễn Cư Trinh, Quận 1, TP. Hồ Chí Minh",122/12 trần đình xu,Phường Nguyễn Cư Trinh,Quận 1,TP. Hồ Chí Minh,
"203 Nguyễn Trãi, Quận 1, Phường Nguyễn Cư Trinh, Quận 1, TP. Hồ Chí Minh",203 Nguyễn Trãi,Phường Nguyễn Cư Trinh,Quận 1,TP. Hồ Chí Minh,
"Số 137/29/16 Trần Đình xu,, Phường Nguyễn Cư Trinh, Quận 1, TP. Hồ Chí Minh",Số 137/29/16 Trần Đình xu,Phường Nguyễn Cư Trinh,Quận 1,TP. Hồ Chí Minh,
"137/32 trần đình xu, Hồ Chí Minh, Quận 1, Phường Nguyễn Cư Trinh",137/32 trần đình xu,Phường Nguyễn Cư Trinh,Quận 1,Hồ Chí Minh,
137/59 trần đình xu quận 1 hcm,137/59 trần đình xu,,quận 1,hcm,
258/66 Tran hung dao phương Nguyễn cứ trinh quan1,258/66 Tran hung dao,phương Nguyễn cứ trinh,quan1,,
"235B/A11/17 NGUYỄN VĂN CỪ, Phường Nguyễn Cư Trinh, Quận 1, TP. Hồ Chí Minh",235B/A11/17 NGUYỄN VĂN CỪ,Phường Nguyễn Cư Trinh,Quận 1,TP. Hồ Chí Minh,
"177 Nguyễn Cư Trinh, phường Nguyễn Cư Trinh, quận 1",177 Nguyễn Cư Trinh,phường Nguyễn Cư Trinh,quận 1,,
212B/21E NGUYỄN TRÃI,212B/21E NGUYỄN TRÃI,,,,
189C Cống Quỳnh (Co.opMart Cống Quỳnh),189C Cống Quỳnh (Co.opMart Cống Quỳnh),,,,
"179 Nguyễn Cư Trinh, Quận 1, Hồ Chí Minh",179 Nguyễn Cư Trinh,,Quận 1,Hồ Chí Minh,
214/B17 Nguyễn Trãi,214/B17 Nguyễn Trãi,,,,
214/b16 nguyễn trãi,214/b16 nguyễn trãi,,,,
"235B a11/12 Nguyễn Văn Cừ, Nguyễn Cư Trinh Q1",235B a11/12 Nguyễn Văn Cừ - Nguyễn Cư Trinh Q1,,,,
"Lô A9, Hẻm 191 Cống Quỳnh",Lô A9 - Hẻm 191 Cống Quỳnh,,,,
258/65 Trần Hưng Đạo,258/65 Trần Hưng Đạo,,,,
"C1/11 chung cư Bộ Công an_x005F_x000D_
189C Cống Quỳnh, P. Nguyễn Cư Trinh, Q1, Tp. HCM.","C1/11 chung cư Bộ Công an_x005F_x000D_
189C Cống Quỳnh - Tp. HCM.",P. Nguyễn Cư Trinh,Q1,,
212 -57c ng trãi,212 -57c ng trãi,,,,
"191/A16, phường Nguyễn Cư Trinh, quận 1, TPHCM",191/A16,phường Nguyễn Cư Trinh,quận 1,TPHCM,
"[Tiệm sửa xe phi] 102B Phạm Viết Chánh, Phường Nguyễn Cư Trinh, Quận 1, TP. Hồ Chí Minh",[Tiệm sửa xe phi] 102B Phạm Viết Chánh,Phường Nguyễn Cư Trinh,Quận 1,TP. Hồ Chí Minh,
25a chung cư 189b cống quỳnh,25a chung cư 189b cống quỳnh,,,,
"318 tran hung dao phuong nguyen cu trinh quan1, Hồ Chí Minh, Quận 1, Phường Nguyễn Cư Trinh",318 tran hung dao phuong nguyen cu trinh quan1,Phường Nguyễn Cư Trinh,Quận 1,Hồ Chí Minh,
"121 cong quynh, Hồ Chí Minh, Quận 1, Phường Nguyễn Cư Trinh",121 cong quynh,Phường Nguyễn Cư Trinh,Quận 1,Hồ Chí Minh,
"263/4 Nguyễn trai, Phường Nguyễn Cư Trinh, Quận 1, TP. Hồ Chí Minh",263/4 Nguyễn trai,Phường Nguyễn Cư Trinh,Quận 1,TP. Hồ Chí Minh,
212 chung cư Lô B đường Nguyễn Trãi phường Nguyễn cư Trinh quận 1,212 chung cư Lô B đường Nguyễn Trãi,phường Nguyễn cư Trinh,quận 1,,
"Cống Quỳnh 117/9, Hồ Chí Minh, Quận 1, Phường Nguyễn Cư Trinh",Cống Quỳnh 117/9,Phường Nguyễn Cư Trinh,Quận 1,Hồ Chí Minh,
"87/1bis Trần Đình Xu, Phường Nguyễn Cư Trinh, Quận 1, TP. Hồ Chí Minh",87/1bis Trần Đình Xu,Phường Nguyễn Cư Trinh,Quận 1,TP. Hồ Chí Minh,
"117/12 Cống Quỳnh, Nguyễn Cư Trinh, Quận 1, Hồ Chí Minh, Việt Nam",117/12 Cống Quỳnh - Nguyễn Cư Trinh,,Quận 1,Hồ Chí Minh,Việt Nam
"185 Cống Quỳnh, Phường Nguyễn Cư Trinh, Quận 1, Hồ Chí Minh, Việt Nam",185 Cống Quỳnh,Phường Nguyễn Cư Trinh,Quận 1,Hồ Chí Minh,Việt Nam
"223/4A Phạm Viết Chánh, Phường Nguyễn Cư Trinh, Quận 1, TP. Hồ Chí Minh",223/4A Phạm Viết Chánh,Phường Nguyễn Cư Trinh,Quận 1,TP. Hồ Chí Minh,
2 .2 lô B  3 C/C 189B cống quỳnh phường nguyễn cu trinh Q1 TPHCM.,2 .2 lô B  3 C/C 189B cống quỳnh phường nguyễn cu trinh Q1 TPHCM.,,,,
19 cống quỳnh,19 cống quỳnh,,,,
"212b/58 Nguyễn Trãi, Phường Nguyễn Cư Trinh, Quận 1, TP. Hồ Chí Minh",212b/58 Nguyễn Trãi,Phường Nguyễn Cư Trinh,Quận 1,TP. Hồ Chí Minh,
